group,panel,cip_res,cro_res,nda_res,scenario,threshold_price,threshold_lower,threshold_upper,strategy
MSM,cip,0.1,0,0,Delayed,0.34303498510952635,-7.084870906429935,8.437440404259009,CIP
MSM,cip+cro,0.1,0,0,Delayed,0.17849010202403173,-7.3546307177779795,8.519185112920306,CIP+CRO
MSM,cip+cro+nda,0.1,0,0,Delayed,0.1802521297121785,-7.253514595695868,8.579862949363736,CIP+CRO+NDA
MSM,cip,0.1,0.025,0,Delayed,1.0542990381859059,-7.729670557866103,10.597466240149776,CIP
MSM,cip+cro,0.1,0.025,0,Delayed,1.3758944024970727,-7.99929165498742,10.706537816153203,CIP+CRO
MSM,cip+cro+nda,0.1,0.025,0,Delayed,1.263206869385143,-7.994974965600589,11.21384977820379,CIP+CRO+NDA
MSM,cip,0.1,0.05,0,Delayed,2.3439348290213124,-8.153344727169006,13.078437617581123,CIP
MSM,cip+cro,0.1,0.05,0,Delayed,2.4424951855794808,-8.6891169258266725,13.984049181604423,CIP+CRO
MSM,cip+cro+nda,0.1,0.05,0,Delayed,2.2173251062072175,-7.8387155624066915,12.742015233863057,CIP+CRO+NDA
MSM,cip,0.1,0.075,0,Delayed,3.0860902899906018,-8.771387301852576,15.475763730268703,CIP
MSM,cip+cro,0.1,0.075,0,Delayed,3.3439835661955595,-8.580486947802685,16.04097444733733,CIP+CRO
MSM,cip+cro+nda,0.1,0.075,0,Delayed,3.4891830404340514,-9.164814526362575,16.191023978357027,CIP+CRO+NDA
MSM,cip,0.1,0.1,0,Delayed,4.100741411768091,-9.148792989779912,18.710795901126442,CIP
MSM,cip+cro,0.1,0.1,0,Delayed,4.707303321300842,-8.093120235770867,19.8855434386913,CIP+CRO
MSM,cip+cro+nda,0.1,0.1,0,Delayed,4.317260071980321,-10.107217248081412,18.761677907974715,CIP+CRO+NDA
MSM,cip,0.1,0.125,0,Delayed,5.1412813192995355,-8.740518602833577,20.513681186807787,CIP
MSM,cip+cro,0.1,0.125,0,Delayed,5.08149905445092,-11.402817263808988,20.016194624016464,CIP+CRO
MSM,cip+cro+nda,0.1,0.125,0,Delayed,5.370160244856339,-10.055856307268511,20.686934348390864,CIP+CRO+NDA
MSM,cip,0.1,0.15,0,Delayed,6.348013694063372,-10.179805535208747,25.315128083308206,CIP
MSM,cip+cro,0.1,0.15,0,Delayed,7.440081541108658,-8.79601723172729,24.436399733720418,CIP+CRO
MSM,cip+cro+nda,0.1,0.15,0,Delayed,7.692269866220409,-8.915178380047191,24.540469762686193,CIP+CRO+NDA
MSM,cip,0.3,0,0,Delayed,0.08480229922611689,-7.0619414337265045,7.593990769984589,CIP
MSM,cip+cro,0.3,0,0,Delayed,-0.07826623972226834,-7.401287598558627,8.101403341653585,CIP+CRO
MSM,cip+cro+nda,0.3,0,0,Delayed,-0.18733730988963798,-8.387229162450172,7.851263741799037,CIP+CRO+NDA
MSM,cip,0.3,0.025,0,Delayed,0.6420451210990135,-8.525052413841959,10.540565270901944,CIP
MSM,cip+cro,0.3,0.025,0,Delayed,0.8189481481889064,-8.58507383290397,11.183915846017282,CIP+CRO
MSM,cip+cro+nda,0.3,0.025,0,Delayed,1.3363661226859433,-7.330795981519875,10.94018926183087,CIP+CRO+NDA
MSM,cip,0.3,0.05,0,Delayed,1.8250108718923488,-8.747042667151002,13.185582529281733,CIP
MSM,cip+cro,0.3,0.05,0,Delayed,2.0558722909741345,-9.178441444649854,13.04023106722379,CIP+CRO
MSM,cip+cro+nda,0.3,0.05,0,Delayed,2.0599639682834225,-8.472516105845818,13.776935376964687,CIP+CRO+NDA
MSM,cip,0.3,0.075,0,Delayed,2.1893831478756307,-10.416854286140465,13.8985430767887,CIP
MSM,cip+cro,0.3,0.075,0,Delayed,2.9170951092509556,-9.303748112117676,16.02560491169563,CIP+CRO
MSM,cip+cro+nda,0.3,0.075,0,Delayed,2.6839813808766984,-9.44786774943529,14.477078883958145,CIP+CRO+NDA
MSM,cip,0.3,0.1,0,Delayed,3.3315596553341993,-9.789344885591426,18.038167935450293,CIP
MSM,cip+cro,0.3,0.1,0,Delayed,4.1346133994798935,-9.721569562512395,18.55467872043459,CIP+CRO
MSM,cip+cro+nda,0.3,0.1,0,Delayed,4.501852139055222,-8.935351563137447,19.04056206490473,CIP+CRO+NDA
MSM,cip,0.3,0.125,0,Delayed,4.039934136389168,-10.803599080993774,20.749470253298092,CIP
MSM,cip+cro,0.3,0.125,0,Delayed,4.97555368021725,-9.694347486964563,20.53343558111817,CIP+CRO
MSM,cip+cro+nda,0.3,0.125,0,Delayed,4.6376971657454185,-9.778238743600909,19.11906067556025,CIP+CRO+NDA
MSM,cip,0.3,0.15,0,Delayed,4.792045419218076,-11.210382899342076,21.903804700164095,CIP
MSM,cip+cro,0.3,0.15,0,Delayed,5.728162644389742,-10.942173462368308,23.184487664628005,CIP+CRO
MSM,cip+cro+nda,0.3,0.15,0,Delayed,5.967351778000989,-10.393948906971303,24.18897390022857,CIP+CRO+NDA
MSM,cip,0.5,0,0,Delayed,-0.048130517347502406,-8.443653066923996,8.077425539358604,CIP
MSM,cip+cro,0.5,0,0,Delayed,-0.14864456599990167,-7.311839818901854,7.792321757408825,CIP+CRO
MSM,cip+cro+nda,0.5,0,0,Delayed,-0.4478806593606959,-7.831657551296338,6.639117035914392,CIP+CRO+NDA
MSM,cip,0.5,0.025,0,Delayed,0.3891963446096514,-8.960484259965286,9.527214042277532,CIP
MSM,cip+cro,0.5,0.025,0,Delayed,0.7992762779178032,-8.283150694377394,10.358774702864473,CIP+CRO
MSM,cip+cro+nda,0.5,0.025,0,Delayed,0.7163634373640014,-8.626421374443929,10.650429231401805,CIP+CRO+NDA
MSM,cip,0.5,0.05,0,Delayed,1.1268594799897211,-8.46091949160735,12.775439850161067,CIP
MSM,cip+cro,0.5,0.05,0,Delayed,1.3524426323440881,-9.528544814832648,13.642630861866206,CIP+CRO
MSM,cip+cro+nda,0.5,0.05,0,Delayed,1.441761791294397,-8.866289273393074,12.657931790870192,CIP+CRO+NDA
MSM,cip,0.5,0.075,0,Delayed,1.4402926684733204,-10.654848062818813,14.523466226961727,CIP
MSM,cip+cro,0.5,0.075,0,Delayed,2.2074141757526546,-9.788047616665686,15.701335070112155,CIP+CRO
MSM,cip+cro+nda,0.5,0.075,0,Delayed,2.5138949500873005,-8.967497008926824,14.50778962010435,CIP+CRO+NDA
MSM,cip,0.5,0.1,0,Delayed,2.1597640204581605,-11.41384573206863,15.684953626108978,CIP
MSM,cip+cro,0.5,0.1,0,Delayed,3.5803963389374744,-10.000303720703094,17.956739783568707,CIP+CRO
MSM,cip+cro+nda,0.5,0.1,0,Delayed,3.666028310953649,-9.28265170410494,18.053073740379034,CIP+CRO+NDA
MSM,cip,0.5,0.125,0,Delayed,2.7795383139605714,-11.933553458144532,18.20860564731311,CIP
MSM,cip+cro,0.5,0.125,0,Delayed,4.257357882686758,-9.923664275416714,18.764729043843314,CIP+CRO
MSM,cip+cro+nda,0.5,0.125,0,Delayed,4.245845787629052,-10.89057315757321,19.558168056770725,CIP+CRO+NDA
MSM,cip,0.5,0.15,0,Delayed,3.1703152034830877,-12.98960626931946,20.038871213837307,CIP
MSM,cip+cro,0.5,0.15,0,Delayed,5.176137962863749,-11.159728991770653,23.344731251730643,CIP+CRO
MSM,cip+cro+nda,0.5,0.15,0,Delayed,5.511223427830989,-10.81075454222843,22.871723568355918,CIP+CRO+NDA
MSM,cip,0.7,0,0,Delayed,-0.1428437897849688,-7.528194343361741,7.495097806761023,CIP
MSM,cip+cro,0.7,0,0,Delayed,-0.5190873453416743,-8.049999965559797,6.965340043364393,CIP+CRO
MSM,cip+cro+nda,0.7,0,0,Delayed,-0.3243711077738917,-7.6442031368843395,7.870401335182089,CIP+CRO+NDA
MSM,cip,0.7,0.025,0,Delayed,0.1530326784919715,-8.659845957497971,9.679577874441483,CIP
MSM,cip+cro,0.7,0.025,0,Delayed,0.3272100455911646,-8.851620163332598,10.70896847504547,CIP+CRO
MSM,cip+cro+nda,0.7,0.025,0,Delayed,0.30587477249258943,-8.65343573953467,9.704616907979906,CIP+CRO+NDA
MSM,cip,0.7,0.05,0,Delayed,0.5421161727811113,-9.597079451910446,11.902845418099405,CIP
MSM,cip+cro,0.7,0.05,0,Delayed,1.1287865436298565,-9.367041859477657,12.027287639210494,CIP+CRO
MSM,cip+cro+nda,0.7,0.05,0,Delayed,1.4086340095154701,-9.430671713772336,12.421999884474952,CIP+CRO+NDA
MSM,cip,0.7,0.075,0,Delayed,0.6828198986327909,-11.911254420480146,14.385031129899673,CIP
MSM,cip+cro,0.7,0.075,0,Delayed,2.0294919040822013,-10.64970520458718,14.735189251590596,CIP+CRO
MSM,cip+cro+nda,0.7,0.075,0,Delayed,1.826444448770449,-9.528910072964115,14.795270594024096,CIP+CRO+NDA
MSM,cip,0.7,0.1,0,Delayed,1.2254823150318672,-12.455570424777733,15.731591692271582,CIP
MSM,cip+cro,0.7,0.1,0,Delayed,2.694624617414813,-11.31977146184863,16.92854527643924,CIP+CRO
MSM,cip+cro+nda,0.7,0.1,0,Delayed,2.7178126550209916,-11.07153081539008,17.258413063059795,CIP+CRO+NDA
MSM,cip,0.7,0.125,0,Delayed,2.2574975128049055,-12.297231694268904,17.68267777268532,CIP
MSM,cip+cro,0.7,0.125,0,Delayed,3.891198017135638,-10.267939524215562,18.788190879940252,CIP+CRO
MSM,cip+cro+nda,0.7,0.125,0,Delayed,3.559475657922316,-10.401141491491225,19.820258514088632,CIP+CRO+NDA
MSM,cip,0.7,0.15,0,Delayed,1.4917573253153276,-13.377783178998179,18.950429174243865,CIP
MSM,cip+cro,0.7,0.15,0,Delayed,4.185563305554619,-11.081131069008071,19.930851031478237,CIP+CRO
MSM,cip+cro+nda,0.7,0.15,0,Delayed,4.398534869658735,-10.772350024878836,21.912810505509363,CIP+CRO+NDA
MSW,cip,0.1,0,0,Delayed,-2.223961908646947,-141.72121821958902,138.8966417785163,CIP
MSW,cip+cro,0.1,0,0,Delayed,2.0325735178172164,-129.31432239817403,147.43716565669777,CIP+CRO
MSW,cip+cro+nda,0.1,0,0,Delayed,-0.509345794716032,-146.95817954490064,137.66566902351707,CIP+CRO+NDA
MSW,cip,0.1,0.025,0,Delayed,0.7045843082892914,-133.7242963794229,152.22283794102964,CIP
MSW,cip+cro,0.1,0.025,0,Delayed,1.2780969857881423,-143.19020228857553,139.11033768808238,CIP+CRO
MSW,cip+cro+nda,0.1,0.025,0,Delayed,-0.1828400130772601,-143.40541435252248,133.21177103404676,CIP+CRO+NDA
MSW,cip,0.1,0.05,0,Delayed,4.705903071370814,-134.75776193821832,140.45974193051552,CIP
MSW,cip+cro,0.1,0.05,0,Delayed,2.633627496870055,-130.58914422988047,161.31780254734076,CIP+CRO
MSW,cip+cro+nda,0.1,0.05,0,Delayed,-2.1198375284234188,-141.7002427950346,127.67732612786664,CIP+CRO+NDA
MSW,cip,0.1,0.075,0,Delayed,-0.37387042045584534,-141.50061577320866,143.5941423515255,CIP
MSW,cip+cro,0.1,0.075,0,Delayed,6.952814722249967,-131.45616542544772,152.37655965288815,CIP+CRO
MSW,cip+cro+nda,0.1,0.075,0,Delayed,-1.9542231947753246,-163.42526542926842,150.47525649878332,CIP+CRO+NDA
MSW,cip,0.1,0.1,0,Delayed,3.5421963771904217,-140.31076842482935,143.45213683321464,CIP
MSW,cip+cro,0.1,0.1,0,Delayed,6.148765083759793,-125.69101710216869,134.27819799063383,CIP+CRO
MSW,cip+cro+nda,0.1,0.1,0,Delayed,4.735805206235765,-140.1374795570113,145.33818245291363,CIP+CRO+NDA
MSW,cip,0.1,0.125,0,Delayed,6.222000331061926,-127.35768761673106,144.2092575149974,CIP
MSW,cip+cro,0.1,0.125,0,Delayed,4.647375900017485,-138.36035890066813,155.45239807551621,CIP+CRO
MSW,cip+cro+nda,0.1,0.125,0,Delayed,3.5010857049789834,-132.35632011933467,153.01568530084856,CIP+CRO+NDA
MSW,cip,0.1,0.15,0,Delayed,4.33126594016397,-136.91583578272096,139.92167072311605,CIP
MSW,cip+cro,0.1,0.15,0,Delayed,3.9124764295847885,-140.651227764608,141.49251895164056,CIP+CRO
MSW,cip+cro+nda,0.1,0.15,0,Delayed,6.53684907705383,-141.91000208927923,151.19191556289255,CIP+CRO+NDA
MSW,cip,0.3,0,0,Delayed,-0.33696026366152615,-141.00511361335748,136.83871294349677,CIP
MSW,cip+cro,0.3,0,0,Delayed,3.5970735311120556,-129.4550760052726,140.0354806295068,CIP+CRO
MSW,cip+cro+nda,0.3,0,0,Delayed,-0.5485410235683305,-134.07770587326428,141.95303132315806,CIP+CRO+NDA
MSW,cip,0.3,0.025,0,Delayed,2.681634787858102,-133.31987311910115,155.29300376986444,CIP
MSW,cip+cro,0.3,0.025,0,Delayed,-2.02777503449901,-135.6618666393379,134.634898893044,CIP+CRO
MSW,cip+cro+nda,0.3,0.025,0,Delayed,-0.25536165501055713,-143.65816800993457,137.50834651425515,CIP+CRO+NDA
MSW,cip,0.3,0.05,0,Delayed,-0.11224344018985637,-140.8616665059021,151.91490877445193,CIP
MSW,cip+cro,0.3,0.05,0,Delayed,-1.6166668066277137,-140.30993201315982,136.27623140165286,CIP+CRO
MSW,cip+cro+nda,0.3,0.05,0,Delayed,2.7659838686114115,-146.59926592659653,147.52559944879536,CIP+CRO+NDA
MSW,cip,0.3,0.075,0,Delayed,2.361308561087699,-129.92778221194695,140.44333130484796,CIP
MSW,cip+cro,0.3,0.075,0,Delayed,5.108977708628907,-130.14864370709165,149.6169989860537,CIP+CRO
MSW,cip+cro+nda,0.3,0.075,0,Delayed,2.9776066422504663,-128.3013710741688,142.41602280137465,CIP+CRO+NDA
MSW,cip,0.3,0.1,0,Delayed,1.450493319314458,-139.55070031645056,144.3910308503446,CIP
MSW,cip+cro,0.3,0.1,0,Delayed,-0.9404346195960859,-143.84052832134216,128.14760180997888,CIP+CRO
MSW,cip+cro+nda,0.3,0.1,0,Delayed,1.8902747148144514,-139.18681858890972,146.52365712072276,CIP+CRO+NDA
MSW,cip,0.3,0.125,0,Delayed,1.5163843017012009,-142.93126267200205,142.44742349822045,CIP
MSW,cip+cro,0.3,0.125,0,Delayed,3.706765088670559,-145.00437058886217,151.44703820148348,CIP+CRO
MSW,cip+cro+nda,0.3,0.125,0,Delayed,-0.7534827629886562,-149.343198136097,134.15477239598846,CIP+CRO+NDA
MSW,cip,0.3,0.15,0,Delayed,3.326270650190094,-134.35740391461084,154.76901206484044,CIP
MSW,cip+cro,0.3,0.15,0,Delayed,1.692131878842427,-140.55660880934897,156.1464748280341,CIP+CRO
MSW,cip+cro+nda,0.3,0.15,0,Delayed,1.8333876770108952,-149.00002693644927,156.36788162133402,CIP+CRO+NDA
MSW,cip,0.5,0,0,Delayed,4.171992118532842,-135.7477052116897,152.09338044002376,CIP
MSW,cip+cro,0.5,0,0,Delayed,-2.6498030236176837,-145.71227999433907,132.9121431429593,CIP+CRO
MSW,cip+cro+nda,0.5,0,0,Delayed,2.6066631241617366,-132.16768150457898,138.0150475610525,CIP+CRO+NDA
MSW,cip,0.5,0.025,0,Delayed,1.5158361759049386,-145.11915228113736,138.85656519238213,CIP
MSW,cip+cro,0.5,0.025,0,Delayed,1.5104333166527493,-137.21652853306404,144.021801684476,CIP+CRO
MSW,cip+cro+nda,0.5,0.025,0,Delayed,-1.7544593857897524,-140.66805928963683,121.311210592239,CIP+CRO+NDA
MSW,cip,0.5,0.05,0,Delayed,1.8503685368678109,-140.70202296112234,140.58568311871775,CIP
MSW,cip+cro,0.5,0.05,0,Delayed,1.4575118619819885,-147.4720323454772,151.38721048022472,CIP+CRO
MSW,cip+cro+nda,0.5,0.05,0,Delayed,3.1570787464648236,-138.80871262895838,151.93318946840455,CIP+CRO+NDA
MSW,cip,0.5,0.075,0,Delayed,1.803257447330418,-137.30945677094383,134.76179764366657,CIP
MSW,cip+cro,0.5,0.075,0,Delayed,4.376079768746401,-138.3335946087274,161.133934051088,CIP+CRO
MSW,cip+cro+nda,0.5,0.075,0,Delayed,3.5671516467080977,-135.59643721032603,145.08405285148254,CIP+CRO+NDA
MSW,cip,0.5,0.1,0,Delayed,2.0070000205672955,-144.07680680911167,138.21581889232212,CIP
MSW,cip+cro,0.5,0.1,0,Delayed,2.016146995428764,-133.2997596102192,150.22839274045864,CIP+CRO
MSW,cip+cro+nda,0.5,0.1,0,Delayed,1.13225417862179,-151.74854148868033,144.4575127072079,CIP+CRO+NDA
MSW,cip,0.5,0.125,0,Delayed,-1.375508353574875,-136.19099232195123,137.99398965456695,CIP
MSW,cip+cro,0.5,0.125,0,Delayed,0.7409808144632218,-154.594276441666,150.10421946159485,CIP+CRO
MSW,cip+cro+nda,0.5,0.125,0,Delayed,3.751627484188116,-133.42176265324449,148.51775210736523,CIP+CRO+NDA
MSW,cip,0.5,0.15,0,Delayed,0.38349916823311214,-149.4558210107227,140.6305249449363,CIP
MSW,cip+cro,0.5,0.15,0,Delayed,5.23266164681006,-126.23847013671953,140.54818071187748,CIP+CRO
MSW,cip+cro+nda,0.5,0.15,0,Delayed,3.5811413161139196,-137.82812059916333,145.019623383178,CIP+CRO+NDA
MSW,cip,0.7,0,0,Delayed,0.5260935524278466,-139.68492598235105,136.47385135220088,CIP
MSW,cip+cro,0.7,0,0,Delayed,1.35264395101729,-131.56405924732215,129.15316387635215,CIP+CRO
MSW,cip+cro+nda,0.7,0,0,Delayed,-1.7837156063275275,-127.15260623692134,141.0961397021411,CIP+CRO+NDA
MSW,cip,0.7,0.025,0,Delayed,-2.695640235707092,-149.3592761150924,137.66225816995586,CIP
MSW,cip+cro,0.7,0.025,0,Delayed,2.7842288041935204,-139.71414683564456,152.16305167971848,CIP+CRO
MSW,cip+cro+nda,0.7,0.025,0,Delayed,-2.132136791189235,-148.1685698719565,143.1693594940474,CIP+CRO+NDA
MSW,cip,0.7,0.05,0,Delayed,0.6025804498486391,-137.59078850334518,136.53091392717252,CIP
MSW,cip+cro,0.7,0.05,0,Delayed,1.9375756046475905,-137.31904857393494,152.89444826048532,CIP+CRO
MSW,cip+cro+nda,0.7,0.05,0,Delayed,1.447664988562627,-152.14558161713484,144.7628270875518,CIP+CRO+NDA
MSW,cip,0.7,0.075,0,Delayed,5.863679631346628,-131.26387086911416,158.80063656850152,CIP
MSW,cip+cro,0.7,0.075,0,Delayed,-0.30586076397418793,-136.55077639708537,144.39675951697075,CIP+CRO
MSW,cip+cro+nda,0.7,0.075,0,Delayed,3.8597993943332303,-147.14511655577365,158.9032443613183,CIP+CRO+NDA
MSW,cip,0.7,0.1,0,Delayed,3.195124622813596,-129.55776255621944,131.65379319020093,CIP
MSW,cip+cro,0.7,0.1,0,Delayed,3.158601690859129,-146.69654729353206,156.1849870242853,CIP+CRO
MSW,cip+cro+nda,0.7,0.1,0,Delayed,4.2746811491173755,-135.2526368133264,157.8534157584978,CIP+CRO+NDA
MSW,cip,0.7,0.125,0,Delayed,0.5551602357537473,-141.0655939515296,155.54455256714132,CIP
MSW,cip+cro,0.7,0.125,0,Delayed,4.654599545415828,-130.4840152029185,155.6601672690461,CIP+CRO
MSW,cip+cro+nda,0.7,0.125,0,Delayed,3.918422960748546,-146.5232450948082,159.2983771935055,CIP+CRO+NDA
MSW,cip,0.7,0.15,0,Delayed,1.955412500652393,-138.68573005156475,141.1244673081135,CIP
MSW,cip+cro,0.7,0.15,0,Delayed,3.3520301693512815,-137.28534873330528,155.5604542308856,CIP+CRO
MSW,cip+cro+nda,0.7,0.15,0,Delayed,4.811041041003871,-144.52153575179662,154.16933675034676,CIP+CRO+NDA
WSM,cip,0.1,0,0,Delayed,-7.057468732305048,-203.55218021902022,203.67661403448966,CIP
WSM,cip+cro,0.1,0,0,Delayed,11.136102765090795,-196.39202726053813,234.6271811097777,CIP+CRO
WSM,cip+cro+nda,0.1,0,0,Delayed,-1.2415926465102127,-196.90137607774983,214.74179946688201,CIP+CRO+NDA
WSM,cip,0.1,0.025,0,Delayed,-4.227763323255975,-213.75562075343382,201.68164502625555,CIP
WSM,cip+cro,0.1,0.025,0,Delayed,3.040441258926035,-210.45373304379376,198.5453286012941,CIP+CRO
WSM,cip+cro+nda,0.1,0.025,0,Delayed,2.007218214049128,-189.48067149746169,223.3143561255773,CIP+CRO+NDA
WSM,cip,0.1,0.05,0,Delayed,4.310046252269441,-183.38387867904635,234.0209312870264,CIP
WSM,cip+cro,0.1,0.05,0,Delayed,7.092701620265022,-202.49849701318783,245.8226106434644,CIP+CRO
WSM,cip+cro+nda,0.1,0.05,0,Delayed,8.618219281747661,-177.1829976798227,214.23458368790614,CIP+CRO+NDA
WSM,cip,0.1,0.075,0,Delayed,11.06880935457608,-170.04094869775457,203.82061091526387,CIP
WSM,cip+cro,0.1,0.075,0,Delayed,2.6465606813366738,-213.4403454376518,203.7284301813647,CIP+CRO
WSM,cip+cro+nda,0.1,0.075,0,Delayed,2.324945362266485,-185.3722427718105,211.06217758906564,CIP+CRO+NDA
WSM,cip,0.1,0.1,0,Delayed,10.688131827950441,-179.3145607517052,221.07542070406325,CIP
WSM,cip+cro,0.1,0.1,0,Delayed,0.4514989161658601,-214.30762832455997,214.66384542748585,CIP+CRO
WSM,cip+cro+nda,0.1,0.1,0,Delayed,4.717128241550051,-195.85621656032987,200.78134755714007,CIP+CRO+NDA
WSM,cip,0.1,0.125,0,Delayed,7.630563509096272,-175.93021643175558,200.59787699127645,CIP
WSM,cip+cro,0.1,0.125,0,Delayed,7.212910426575735,-199.97452555793444,218.80404974220602,CIP+CRO
WSM,cip+cro+nda,0.1,0.125,0,Delayed,7.232762141574482,-209.06139392529326,229.25733073343355,CIP+CRO+NDA
WSM,cip,0.1,0.15,0,Delayed,4.5127053805487165,-211.3321298498453,209.49634819450594,CIP
WSM,cip+cro,0.1,0.15,0,Delayed,2.7666371382547084,-210.65026311539125,211.2387863194033,CIP+CRO
WSM,cip+cro+nda,0.1,0.15,0,Delayed,6.507643102329144,-188.83800064687043,212.70210398586207,CIP+CRO+NDA
WSM,cip,0.3,0,0,Delayed,0.1888884568566002,-188.06054307417347,209.26650811192428,CIP
WSM,cip+cro,0.3,0,0,Delayed,0.38858072243306474,-211.1900703519834,210.53938732936163,CIP+CRO
WSM,cip+cro+nda,0.3,0,0,Delayed,4.937431567193168,-195.640450857024,208.1706672537262,CIP+CRO+NDA
WSM,cip,0.3,0.025,0,Delayed,3.903510183029672,-196.19180074243795,213.43188812708206,CIP
WSM,cip+cro,0.3,0.025,0,Delayed,-0.9318452867737378,-201.29942264054694,194.5668571804315,CIP+CRO
WSM,cip+cro+nda,0.3,0.025,0,Delayed,2.770979035089365,-213.519278073193,220.88098773413256,CIP+CRO+NDA
WSM,cip,0.3,0.05,0,Delayed,8.36388184115562,-187.8263762853304,208.64933683925935,CIP
WSM,cip+cro,0.3,0.05,0,Delayed,5.814789622951942,-188.28471775912945,225.43746965876912,CIP+CRO
WSM,cip+cro+nda,0.3,0.05,0,Delayed,1.6535913583710977,-208.97781327865818,199.65686060814605,CIP+CRO+NDA
WSM,cip,0.3,0.075,0,Delayed,-1.7282151907986112,-207.52576160484838,217.6732261911084,CIP
WSM,cip+cro,0.3,0.075,0,Delayed,5.33901672452224,-207.26849100096385,229.15260450268778,CIP+CRO
WSM,cip+cro+nda,0.3,0.075,0,Delayed,8.183310664742683,-190.67284350575247,218.8673613442657,CIP+CRO+NDA
WSM,cip,0.3,0.1,0,Delayed,0.2712242334752226,-215.6564832100446,200.76248516227506,CIP
WSM,cip+cro,0.3,0.1,0,Delayed,8.285926098257084,-187.15443094447633,222.80089983948488,CIP+CRO
WSM,cip+cro+nda,0.3,0.1,0,Delayed,6.41104168614168,-188.12361177668748,214.3720029974272,CIP+CRO+NDA
WSM,cip,0.3,0.125,0,Delayed,4.117419583899578,-198.9189071790647,218.55991313005345,CIP
WSM,cip+cro,0.3,0.125,0,Delayed,11.674882353081825,-201.99879927283598,246.8742311411628,CIP+CRO
WSM,cip+cro+nda,0.3,0.125,0,Delayed,2.6669823064106053,-206.13766251866497,199.1349695781285,CIP+CRO+NDA
WSM,cip,0.3,0.15,0,Delayed,10.920225745281751,-213.17564330121408,247.62696710751905,CIP
WSM,cip+cro,0.3,0.15,0,Delayed,4.882779154748045,-197.39287642664473,225.65668886266604,CIP+CRO
WSM,cip+cro+nda,0.3,0.15,0,Delayed,9.469206594627208,-201.55436446665783,230.1372255462284,CIP+CRO+NDA
WSM,cip,0.5,0,0,Delayed,1.8527058999071488,-204.20264259347562,233.97116864358827,CIP
WSM,cip+cro,0.5,0,0,Delayed,-1.2505242335165512,-195.9325450421029,198.08601762663594,CIP+CRO
WSM,cip+cro+nda,0.5,0,0,Delayed,1.7628548174837786,-200.07303732035123,219.32584240272493,CIP+CRO+NDA
WSM,cip,0.5,0.025,0,Delayed,9.571073478844426,-205.74392583077508,246.4837221666087,CIP
WSM,cip+cro,0.5,0.025,0,Delayed,1.9741197849315617,-215.32431131229012,199.4590526839807,CIP+CRO
WSM,cip+cro+nda,0.5,0.025,0,Delayed,3.018546308560828,-185.99941952129646,206.4295443658102,CIP+CRO+NDA
WSM,cip,0.5,0.05,0,Delayed,6.17404856698557,-194.21383559262088,215.01664895789006,CIP
WSM,cip+cro,0.5,0.05,0,Delayed,7.233905768615617,-193.04369120748737,207.16117891289628,CIP+CRO
WSM,cip+cro+nda,0.5,0.05,0,Delayed,4.60113657149364,-204.22448473885143,217.2068954883409,CIP+CRO+NDA
WSM,cip,0.5,0.075,0,Delayed,-0.5718560430424833,-222.18150425946655,203.1327838802347,CIP
WSM,cip+cro,0.5,0.075,0,Delayed,-0.4424873065451318,-210.70531543528253,231.42906041536045,CIP+CRO
WSM,cip+cro+nda,0.5,0.075,0,Delayed,6.302079122206156,-206.21164112139797,221.53670067444298,CIP+CRO+NDA
WSM,cip,0.5,0.1,0,Delayed,10.836988450944217,-189.2800530498587,228.48932605872685,CIP
WSM,cip+cro,0.5,0.1,0,Delayed,6.574167538823765,-197.39719215338368,217.2937296365251,CIP+CRO
WSM,cip+cro+nda,0.5,0.1,0,Delayed,8.387928343698526,-198.23594835674473,228.63634545766314,CIP+CRO+NDA
WSM,cip,0.5,0.125,0,Delayed,5.072582257003748,-199.29623056179744,233.11927523638448,CIP
WSM,cip+cro,0.5,0.125,0,Delayed,7.822967783514394,-207.0429843885572,227.93855626342582,CIP+CRO
WSM,cip+cro+nda,0.5,0.125,0,Delayed,4.184085623662882,-188.9063132192885,199.67561018033334,CIP+CRO+NDA
WSM,cip,0.5,0.15,0,Delayed,5.248916865154471,-185.87632348567465,222.3960198286956,CIP
WSM,cip+cro,0.5,0.15,0,Delayed,8.175982861058296,-198.33267500936094,216.33396991446986,CIP+CRO
WSM,cip+cro+nda,0.5,0.15,0,Delayed,2.485291344861772,-205.56848620911455,218.05005918839547,CIP+CRO+NDA
WSM,cip,0.7,0,0,Delayed,-1.3350629571835704,-204.2250126118269,218.72746317127707,CIP
WSM,cip+cro,0.7,0,0,Delayed,-4.356588018656248,-220.17433784823982,210.16643099737357,CIP+CRO
WSM,cip+cro+nda,0.7,0,0,Delayed,3.022397547377684,-188.94182947727236,218.38918774594438,CIP+CRO+NDA
WSM,cip,0.7,0.025,0,Delayed,0.9110378805690015,-196.719109763722,212.83272399248398,CIP
WSM,cip+cro,0.7,0.025,0,Delayed,0.5882843564086349,-195.57745884878602,204.65033490821187,CIP+CRO
WSM,cip+cro+nda,0.7,0.025,0,Delayed,0.6117571758352744,-208.0696598619983,212.19754758788932,CIP+CRO+NDA
WSM,cip,0.7,0.05,0,Delayed,4.756544799312704,-194.78989859485407,216.7795679722017,CIP
WSM,cip+cro,0.7,0.05,0,Delayed,0.8151743438444986,-199.64762301717528,237.23074320139463,CIP+CRO
WSM,cip+cro+nda,0.7,0.05,0,Delayed,-5.161089152134062,-205.94445474510957,207.66397952460278,CIP+CRO+NDA
WSM,cip,0.7,0.075,0,Delayed,3.0944910738909424,-192.95130779487837,215.7601911971051,CIP
WSM,cip+cro,0.7,0.075,0,Delayed,0.9062388767369969,-194.1161565211713,210.8771486068088,CIP+CRO
WSM,cip+cro+nda,0.7,0.075,0,Delayed,6.843736602586209,-194.0370447564996,220.9565242854983,CIP+CRO+NDA
WSM,cip,0.7,0.1,0,Delayed,-1.0056978272380803,-190.084401581878,210.3540523998425,CIP
WSM,cip+cro,0.7,0.1,0,Delayed,5.145024418467818,-194.33127140630577,202.01859485749543,CIP+CRO
WSM,cip+cro+nda,0.7,0.1,0,Delayed,5.500767266670511,-194.80936560640356,224.6203254214991,CIP+CRO+NDA
WSM,cip,0.7,0.125,0,Delayed,2.106847027063028,-221.28315612875153,195.7278727550948,CIP
WSM,cip+cro,0.7,0.125,0,Delayed,5.681171606544621,-181.07628977284966,206.5781214766277,CIP+CRO
WSM,cip+cro+nda,0.7,0.125,0,Delayed,0.9541605758083761,-212.92152926580775,216.97605601952182,CIP+CRO+NDA
WSM,cip,0.7,0.15,0,Delayed,3.7729229357823617,-198.05360065612996,235.93199468692228,CIP
WSM,cip+cro,0.7,0.15,0,Delayed,3.151196032663942,-207.0670474652499,234.31329943948919,CIP+CRO
WSM,cip+cro+nda,0.7,0.15,0,Delayed,2.397449281152129,-214.82406352198205,217.16753842747818,CIP+CRO+NDA
