group,panel,cip_res,cro_res,nda_res,threshold_price,threshold_lower,threshold_upper,strategy
MSM,cip,0.1,0,0,0.3794225013433575,-0.47649835998962475,1.010353151770028,CIP
MSM,cip+cro,0.1,0,0,0.23328039423072744,-0.6248414398434453,0.883731556190209,CIP+CRO
MSM,cip+cro+nda,0.1,0,0,0.22241699381370508,-0.6783180090412317,0.8905030860304074,CIP+CRO+NDA
MSM,cip,0.1,0,0.05,0.3842647004742606,-0.42630674663578105,0.9982665974182892,CIP
MSM,cip+cro,0.1,0,0.05,0.20924015629034431,-0.7357567263772609,0.8720431510240428,CIP+CRO
MSM,cip+cro+nda,0.1,0,0.05,0.23497458739631585,-0.7294799217350942,0.9037945788214018,CIP+CRO+NDA
MSM,cip,0.1,0.025,0,6.083545989004334,2.9917469413175115,9.8957776387891645,CIP
MSM,cip+cro,0.1,0.025,0,6.485959522612815,3.197573665611439,10.27163883014661,CIP+CRO
MSM,cip+cro+nda,0.1,0.025,0,6.519649623473191,3.1306581300649055,10.481118280299262,CIP+CRO+NDA
MSM,cip,0.1,0.025,0.05,6.1926383846670365,3.113503351547507,10.105308135953209,CIP
MSM,cip+cro,0.1,0.025,0.05,6.5061026898994925,3.287859533579365,10.817077825177435,CIP+CRO
MSM,cip+cro+nda,0.1,0.025,0.05,6.501884807677351,3.1863794060371484,10.575430282415324,CIP+CRO+NDA
MSM,cip,0.1,0.05,0,11.623013630133755,6.799664630731128,17.23812288433176,CIP
MSM,cip+cro,0.1,0.05,0,12.862916761883982,7.545438564698939,18.503802690874426,CIP+CRO
MSM,cip+cro+nda,0.1,0.05,0,12.779194139539781,7.4372370976752,18.860106800895473,CIP+CRO+NDA
MSM,cip,0.1,0.05,0.05,11.945627538162986,6.815552380972218,17.27135084461558,CIP
MSM,cip+cro,0.1,0.05,0.05,12.750244934543034,7.359619541938135,18.946878840476725,CIP+CRO
MSM,cip+cro+nda,0.1,0.05,0.05,12.86095414292805,7.296043213864577,18.65267412751861,CIP+CRO+NDA
MSM,cip,0.1,0.075,0,17.3960272537043,10.639525107165012,24.752791511398303,CIP
MSM,cip+cro,0.1,0.075,0,19.1938132128708,12.192198833183422,27.275925977599954,CIP+CRO
MSM,cip+cro+nda,0.1,0.075,0,19.22625938092755,12.053383153718988,27.14765942120287,CIP+CRO+NDA
MSM,cip,0.1,0.075,0.05,17.47106550073116,10.781898458595718,24.264952292814762,CIP
MSM,cip+cro,0.1,0.075,0.05,18.747349912738173,11.117148787051443,27.21690730110903,CIP+CRO
MSM,cip+cro+nda,0.1,0.075,0.05,18.93787846965343,11.152917588824309,26.483224948425082,CIP+CRO+NDA
MSM,cip,0.1,0.1,0,23.07027212235771,14.322937273786343,31.952315803038456,CIP
MSM,cip+cro,0.1,0.1,0,25.33929101179161,16.05732657852172,34.74346104439014,CIP+CRO
MSM,cip+cro+nda,0.1,0.1,0,25.1592644272534,15.789366116381823,35.068276324180324,CIP+CRO+NDA
MSM,cip,0.1,0.1,0.05,23.517866591046946,14.85265997895379,32.3841664172385,CIP
MSM,cip+cro,0.1,0.1,0.05,25.3100621319766,16.19058174927195,35.57523365604587,CIP+CRO
MSM,cip+cro+nda,0.1,0.1,0.05,25.683977225712635,16.32620338760922,34.94341186453873,CIP+CRO+NDA
MSM,cip,0.1,0.125,0,29.124579141514804,19.33016828314064,39.43454853969453,CIP
MSM,cip+cro,0.1,0.125,0,31.670719761494535,21.104699821887404,42.22745205845084,CIP+CRO
MSM,cip+cro+nda,0.1,0.125,0,31.691458387277052,20.56279333889885,42.863397634042485,CIP+CRO+NDA
MSM,cip,0.1,0.125,0.05,29.10843768142444,18.771495297880303,39.881388901894304,CIP
MSM,cip+cro,0.1,0.125,0.05,31.494257361646767,19.968285989197753,42.53703282462462,CIP+CRO
MSM,cip+cro+nda,0.1,0.125,0.05,31.826792351066434,19.946065362427078,42.67580077206734,CIP+CRO+NDA
MSM,cip,0.1,0.15,0,34.46907639653566,21.06806528206038,46.78459659736207,CIP
MSM,cip+cro,0.1,0.15,0,37.733870227506685,24.047519925630535,50.96066389468591,CIP+CRO
MSM,cip+cro+nda,0.1,0.15,0,37.783142002948196,24.167313350384028,51.045157903589256,CIP+CRO+NDA
MSM,cip,0.1,0.15,0.05,34.55154742364976,22.7327042506003,46.82180621504553,CIP
MSM,cip+cro,0.1,0.15,0.05,37.74900854414509,24.301875673965835,50.93066365659862,CIP+CRO
MSM,cip+cro+nda,0.1,0.15,0.05,37.99216967942249,23.714129353269023,51.49801391465633,CIP+CRO+NDA
MSM,cip,0.3,0,0,-0.20853212605365704,-1.385287285247037,0.6331845255952449,CIP
MSM,cip+cro,0.3,0,0,-0.6027843203025426,-1.894933950345651,0.31495172398406435,CIP+CRO
MSM,cip+cro+nda,0.3,0,0,-0.6080831350937417,-1.9081916793631442,0.3020218596701351,CIP+CRO+NDA
MSM,cip,0.3,0,0.05,-0.21199972797139724,-1.4181263781615607,0.6511198343510771,CIP
MSM,cip+cro,0.3,0,0.05,-0.6503326045590978,-1.926528117893976,0.3115041203020453,CIP+CRO
MSM,cip+cro+nda,0.3,0,0.05,-0.6092172668064955,-1.8578761380302786,0.3241371329308372,CIP+CRO+NDA
MSM,cip,0.3,0.025,0,4.251927631938537,1.6548215993995234,7.589844463176638,CIP
MSM,cip+cro,0.3,0.025,0,5.358685207091238,2.01152127579391,9.240543786276188,CIP+CRO
MSM,cip+cro+nda,0.3,0.025,0,5.336584784013867,2.0871223601577733,9.103849173162333,CIP+CRO+NDA
MSM,cip,0.3,0.025,0.05,4.195492045498551,1.5556862455122258,7.3773006612817795,CIP
MSM,cip+cro,0.3,0.025,0.05,5.2408007677781425,2.0781853929380634,9.19603432125665,CIP+CRO
MSM,cip+cro+nda,0.3,0.025,0.05,5.2764803933924185,2.124334556154163,8.97902424902839,CIP+CRO+NDA
MSM,cip,0.3,0.05,0,8.752908423368064,4.868580838434241,13.404003284814978,CIP
MSM,cip+cro,0.3,0.05,0,11.427772039450529,6.167478340567962,16.962632531225232,CIP+CRO
MSM,cip+cro+nda,0.3,0.05,0,11.336191489028524,5.93410013687103,16.941957169915266,CIP+CRO+NDA
MSM,cip,0.3,0.05,0.05,8.707423894333887,4.674791506227103,13.848211137796651,CIP
MSM,cip+cro,0.3,0.05,0.05,11.153673834774535,5.974325305024355,17.261736424980057,CIP+CRO
MSM,cip+cro+nda,0.3,0.05,0.05,11.242396699614968,5.990886958380702,17.196662025630587,CIP+CRO+NDA
MSM,cip,0.3,0.075,0,13.250403169148731,7.921398088480851,19.46991150117541,CIP
MSM,cip+cro,0.3,0.075,0,17.31588292433914,10.278387682765011,24.564888902703043,CIP+CRO
MSM,cip+cro+nda,0.3,0.075,0,17.265429612122396,10.182259320045235,25.096018946723724,CIP+CRO+NDA
MSM,cip,0.3,0.075,0.05,13.043231813040634,7.776386581789044,19.45122413123358,CIP
MSM,cip+cro,0.3,0.075,0.05,16.873764214369217,9.90946707280496,24.313923776722238,CIP+CRO
MSM,cip+cro+nda,0.3,0.075,0.05,17.135864254290922,10.150908889220213,24.30912178274462,CIP+CRO+NDA
MSM,cip,0.3,0.1,0,17.385663639313922,10.140363156501081,24.750154258755796,CIP
MSM,cip+cro,0.3,0.1,0,23.038241474990116,13.73008840866675,32.098714663215965,CIP+CRO
MSM,cip+cro+nda,0.3,0.1,0,23.44453047880396,14.323634527998104,32.133299878634915,CIP+CRO+NDA
MSM,cip,0.3,0.1,0.05,17.428049256155195,10.356744704498743,24.994524595255587,CIP
MSM,cip+cro,0.3,0.1,0.05,23.010828188221552,14.079788336413046,32.45000550032683,CIP+CRO
MSM,cip+cro+nda,0.3,0.1,0.05,23.0380099098937,13.771836416491087,31.852475455631225,CIP+CRO+NDA
MSM,cip,0.3,0.125,0,22.077401960945355,13.805445757310036,30.911114130620422,CIP
MSM,cip+cro,0.3,0.125,0,29.103516241358133,18.094242135644947,40.08239482420101,CIP+CRO
MSM,cip+cro+nda,0.3,0.125,0,29.278149211024257,18.748375893799476,40.875992721608576,CIP+CRO+NDA
MSM,cip,0.3,0.125,0.05,22.06402030349622,14.13370768675271,30.744300083817993,CIP
MSM,cip+cro,0.3,0.125,0.05,28.4480450844378,17.646174498756316,39.17884115706825,CIP+CRO
MSM,cip+cro+nda,0.3,0.125,0.05,29.596519418363265,18.75257450787484,40.40675779090362,CIP+CRO+NDA
MSM,cip,0.3,0.15,0,26.592742777284514,16.531811451326824,37.01340015530217,CIP
MSM,cip+cro,0.3,0.15,0,35.283191169872104,21.544919153679654,48.49658697807,CIP+CRO
MSM,cip+cro+nda,0.3,0.15,0,35.26431646864592,21.91191785952401,47.53693128817354,CIP+CRO+NDA
MSM,cip,0.3,0.15,0.05,26.534263116850486,17.449732865526435,37.37641507763022,CIP
MSM,cip+cro,0.3,0.15,0.05,34.62370144046677,21.55656622312033,47.26290246382581,CIP+CRO
MSM,cip+cro+nda,0.3,0.15,0.05,35.003858900654,22.325107046856676,47.56913453376166,CIP+CRO+NDA
MSM,cip,0.5,0,0,-0.8027440712856821,-2.2982994135314807,0.1944807807272922,CIP
MSM,cip+cro,0.5,0,0,-1.422407148871029,-2.9062440741402167,-0.2171463199371572,CIP+CRO
MSM,cip+cro+nda,0.5,0,0,-1.419105436293612,-3.041954531862829,-0.27516543805438,CIP+CRO+NDA
MSM,cip,0.5,0,0.05,-0.7926281916922552,-2.308313335348575,0.284021896290792,CIP
MSM,cip+cro,0.5,0,0.05,-1.5492720977316725,-3.151624073140797,-0.3631782509274274,CIP+CRO
MSM,cip+cro+nda,0.5,0,0.05,-1.4286695607504358,-2.966368987882547,-0.2225583516006176,CIP+CRO+NDA
MSM,cip,0.5,0.025,0,2.418623191185821,0.11339577604188485,5.419499655482667,CIP
MSM,cip+cro,0.5,0.025,0,4.12740788464964,0.8373792588211709,7.988217365470511,CIP+CRO
MSM,cip+cro+nda,0.5,0.025,0,4.269046432735299,0.9589142316206518,8.186177152775384,CIP+CRO+NDA
MSM,cip,0.5,0.025,0.05,2.419674995375719,-0.08291492085830553,5.318728337924596,CIP
MSM,cip+cro,0.5,0.025,0.05,3.948239368975162,0.8265221174526572,7.632752805919843,CIP+CRO
MSM,cip+cro+nda,0.5,0.025,0.05,4.202261281722389,1.1514360331515856,7.86443369449088,CIP+CRO+NDA
MSM,cip,0.5,0.05,0,5.62392140236988,2.1568166674342,9.870295653689281,CIP
MSM,cip+cro,0.5,0.05,0,9.860094967775831,4.667379745705757,15.430879772948684,CIP+CRO
MSM,cip+cro+nda,0.5,0.05,0,9.942428070680606,4.837958076018099,15.734487606562055,CIP+CRO+NDA
MSM,cip,0.5,0.05,0.05,5.526174373595231,2.3458625591620414,9.511727926229707,CIP
MSM,cip+cro,0.5,0.05,0.05,9.492086948362788,4.47553295848784,15.15294341663773,CIP+CRO
MSM,cip+cro+nda,0.5,0.05,0.05,10.01596439021714,4.997147477122663,15.442539866348127,CIP+CRO+NDA
MSM,cip,0.5,0.075,0,8.817463809359275,4.564761870229409,14.014446408382241,CIP
MSM,cip+cro,0.5,0.075,0,15.473949801314818,8.478448017240838,23.467025709109006,CIP+CRO
MSM,cip+cro+nda,0.5,0.075,0,15.424642494243965,8.5499690479402,22.99064773476013,CIP+CRO+NDA
MSM,cip,0.5,0.075,0.05,8.807798314756173,4.768409761512612,13.732610630815344,CIP
MSM,cip+cro,0.5,0.075,0.05,15.103185824016604,7.783513902290786,22.289417969594922,CIP+CRO
MSM,cip+cro+nda,0.5,0.075,0.05,15.642627991802486,8.384904728655401,23.104346097257764,CIP+CRO+NDA
MSM,cip,0.5,0.1,0,11.96926971368206,6.751226928826688,18.026509340042345,CIP
MSM,cip+cro,0.5,0.1,0,21.27926492043941,11.916944264343998,30.57139284348422,CIP+CRO
MSM,cip+cro+nda,0.5,0.1,0,21.364419935921003,12.927987119982603,30.38456651034334,CIP+CRO+NDA
MSM,cip,0.5,0.1,0.05,11.882278212303426,6.756218368793836,17.786096217804104,CIP
MSM,cip+cro,0.5,0.1,0.05,20.385455307562612,11.075552511445196,29.073033791045575,CIP+CRO
MSM,cip+cro+nda,0.5,0.1,0.05,21.104942335216546,12.362294402945949,30.596577923151646,CIP+CRO+NDA
MSM,cip,0.5,0.125,0,15.165913138916444,9.03866092922569,22.07404028094578,CIP
MSM,cip+cro,0.5,0.125,0,26.839063196117777,15.738267901234707,38.4574720424188,CIP+CRO
MSM,cip+cro+nda,0.5,0.125,0,26.9762948588183,16.13652419278873,38.02718113420761,CIP+CRO+NDA
MSM,cip,0.5,0.125,0.05,15.240433432271702,8.81742289128202,22.585401402639693,CIP
MSM,cip+cro,0.5,0.125,0.05,25.80604273809033,15.129844011740538,36.28964314504972,CIP+CRO
MSM,cip+cro+nda,0.5,0.125,0.05,26.71027116680781,15.017912457432923,36.99252137697388,CIP+CRO+NDA
MSM,cip,0.5,0.15,0,18.264940087700143,11.20308434600199,25.560961358474398,CIP
MSM,cip+cro,0.5,0.15,0,32.21932355674118,20.784359969086193,44.351557138576666,CIP+CRO
MSM,cip+cro+nda,0.5,0.15,0,32.60269359735297,20.0493032914535,44.91347967959148,CIP+CRO+NDA
MSM,cip,0.5,0.15,0.05,18.558721637222156,11.330608828158633,25.865673323150954,CIP
MSM,cip+cro,0.5,0.15,0.05,31.475017518413125,17.783747450862123,43.073168432989846,CIP+CRO
MSM,cip+cro+nda,0.5,0.15,0.05,32.57032140001053,19.630527315069042,45.12282245657581,CIP+CRO+NDA
MSM,cip,0.7,0,0,-1.431060416063661,-3.088249880870939,-0.11938029650357795,CIP
MSM,cip+cro,0.7,0,0,-2.269247885719592,-4.063521365021669,-0.8705444678581725,CIP+CRO
MSM,cip+cro+nda,0.7,0,0,-2.261249160694056,-4.049528773381044,-0.9093326949497615,CIP+CRO+NDA
MSM,cip,0.7,0,0.05,-1.396735526600465,-3.1231050793848305,-0.09391859432769518,CIP
MSM,cip+cro,0.7,0,0.05,-2.46375396156277,-4.31291527403293,-0.9687862562209273,CIP+CRO
MSM,cip+cro+nda,0.7,0,0.05,-2.244182322202988,-4.275927150536216,-0.8192773545117532,CIP+CRO+NDA
MSM,cip,0.7,0.025,0,0.5734084089061519,-1.5994641445028837,2.7328055858292255,CIP
MSM,cip+cro,0.7,0.025,0,3.067921091711339,-0.029651264854132414,6.673980061434082,CIP+CRO
MSM,cip+cro+nda,0.7,0.025,0,3.158973436907896,-0.26327628713174056,6.995070998574931,CIP+CRO+NDA
MSM,cip,0.7,0.025,0.05,0.5871445049239132,-1.556602763403282,2.9782249680137434,CIP
MSM,cip+cro,0.7,0.025,0.05,2.7509179561637973,-0.44577270175578115,6.648570750709371,CIP+CRO
MSM,cip+cro+nda,0.7,0.025,0.05,3.1141091849310345,-0.11428994494818809,6.993458272811568,CIP+CRO+NDA
MSM,cip,0.7,0.05,0,2.5300024113005146,-0.2798779627383131,5.76060726922019,CIP
MSM,cip+cro,0.7,0.05,0,8.395991689855567,3.7290203278902454,13.701204628874754,CIP+CRO
MSM,cip+cro+nda,0.7,0.05,0,8.23145247938465,3.3055452023002725,13.707290981470521,CIP+CRO+NDA
MSM,cip,0.7,0.05,0.05,2.5336162175683583,-0.2915521298165324,5.706423048229192,CIP
MSM,cip+cro,0.7,0.05,0.05,7.911724851657345,3.018019748543215,13.330788992133368,CIP+CRO
MSM,cip+cro+nda,0.7,0.05,0.05,8.470371509926983,3.578889015890168,14.406922107348587,CIP+CRO+NDA
MSM,cip,0.7,0.075,0,4.522735249572873,1.3101501633512087,8.288388963105655,CIP
MSM,cip+cro,0.7,0.075,0,13.784412468779399,6.78206530102237,20.864994875507122,CIP+CRO
MSM,cip+cro+nda,0.7,0.075,0,13.853626723486833,7.134631011754404,21.409698995750198,CIP+CRO+NDA
MSM,cip,0.7,0.075,0.05,4.448063084392598,1.4692682011259353,8.116408155105287,CIP
MSM,cip+cro,0.7,0.075,0.05,12.967770027480382,6.425573424938798,19.288849717658856,CIP+CRO
MSM,cip+cro+nda,0.7,0.075,0.05,13.897124842822528,7.0269266760293485,20.968818812773794,CIP+CRO+NDA
MSM,cip,0.7,0.1,0,6.339348730066868,2.641163714369279,10.84468481889856,CIP
MSM,cip+cro,0.7,0.1,0,19.068116988762878,10.534197250993664,27.893637742299227,CIP+CRO
MSM,cip+cro+nda,0.7,0.1,0,19.278724464547654,10.662151118143555,27.770642010851287,CIP+CRO+NDA
MSM,cip,0.7,0.1,0.05,6.378211083773362,2.7065821057553845,10.64521181222026,CIP
MSM,cip+cro,0.7,0.1,0.05,18.171565547103572,10.211718433022783,26.87350501896442,CIP+CRO
MSM,cip+cro+nda,0.7,0.1,0.05,18.99198613346512,10.253652044987355,27.85089149762375,CIP+CRO+NDA
MSM,cip,0.7,0.125,0,8.36859242622876,3.840567379346935,13.542927070426545,CIP
MSM,cip+cro,0.7,0.125,0,24.480248244306896,13.508223611688813,35.611360006350736,CIP+CRO
MSM,cip+cro+nda,0.7,0.125,0,24.404927143892163,13.604958879664052,35.28964369166488,CIP+CRO+NDA
MSM,cip,0.7,0.125,0.05,8.486197193104642,3.9693968412106595,13.61793442012022,CIP
MSM,cip+cro,0.7,0.125,0.05,23.44081639640946,13.367395371374611,33.72652165323743,CIP+CRO
MSM,cip+cro+nda,0.7,0.125,0.05,24.248486675480855,13.847331293189864,35.32551478535554,CIP+CRO+NDA
MSM,cip,0.7,0.15,0,10.229683851504886,5.159622077665674,15.684379252577013,CIP
MSM,cip+cro,0.7,0.15,0,29.851459994046685,16.781521657942598,42.12280987940227,CIP+CRO
MSM,cip+cro+nda,0.7,0.15,0,29.781124196448395,16.490558829421047,42.48575703617948,CIP+CRO+NDA
MSM,cip,0.7,0.15,0.05,10.28333966098844,5.456235591160721,15.667278323706489,CIP
MSM,cip+cro,0.7,0.15,0.05,28.204208955378277,15.161536646196629,39.612761810959206,CIP+CRO
MSM,cip+cro+nda,0.7,0.15,0.05,30.01492305379939,17.98936290436182,41.82128361706564,CIP+CRO+NDA
MSW,cip,0.1,0,0,0.3107262757847564,-1.2907293401939224,0.9961475480087884,CIP
MSW,cip+cro,0.1,0,0,0.17737781889103274,-1.534730417363901,0.9512335911143315,CIP+CRO
MSW,cip+cro+nda,0.1,0,0,0.1973373088811367,-1.462886953560403,0.9512954665017362,CIP+CRO+NDA
MSW,cip,0.1,0,0.05,0.3219347834532531,-1.485457206453125,0.9934095334632415,CIP
MSW,cip+cro,0.1,0,0.05,0.12247161202794045,-1.6966365437672248,0.9420762806995746,CIP+CRO
MSW,cip+cro+nda,0.1,0,0.05,0.17743925392849613,-1.459801839067213,0.9696415346223024,CIP+CRO+NDA
MSW,cip,0.1,0.025,0,7.467609521764715,2.667465210914082,14.025236739303065,CIP
MSW,cip+cro,0.1,0.025,0,8.096382248995841,2.890641073808791,15.339175010780593,CIP+CRO
MSW,cip+cro+nda,0.1,0.025,0,8.114500489483705,3.051397484186725,15.564829108711793,CIP+CRO+NDA
MSW,cip,0.1,0.025,0.05,7.179930327843216,2.660682532712909,13.0306616697482,CIP
MSW,cip+cro,0.1,0.025,0.05,7.700953211008227,2.7131463104449223,14.6758088669701,CIP+CRO
MSW,cip+cro+nda,0.1,0.025,0.05,8.070222903990619,3.0536023638141194,15.329245339049946,CIP+CRO+NDA
MSW,cip,0.1,0.05,0,14.624622248794825,7.3592008321276285,24.298848008172758,CIP
MSW,cip+cro,0.1,0.05,0,15.565516201773104,7.5398510445598035,25.57956103110229,CIP+CRO
MSW,cip+cro+nda,0.1,0.05,0,15.978784190274986,7.859749432644833,25.81761534504596,CIP+CRO+NDA
MSW,cip,0.1,0.05,0.05,14.388775042942592,6.6875921425273965,24.382530412122524,CIP
MSW,cip+cro,0.1,0.05,0.05,15.580495066409403,7.852261534723403,25.381005208103016,CIP+CRO
MSW,cip+cro+nda,0.1,0.05,0.05,15.93232279374187,7.8183132752871884,25.262703223256093,CIP+CRO+NDA
MSW,cip,0.1,0.075,0,21.54104663177365,11.824541319887595,33.16834903454333,CIP
MSW,cip+cro,0.1,0.075,0,23.66114417441199,12.844256143372894,36.78555986380748,CIP+CRO
MSW,cip+cro+nda,0.1,0.075,0,23.612053184282928,12.626460637744742,36.74392475228412,CIP+CRO+NDA
MSW,cip,0.1,0.075,0.05,21.709168116299985,12.630610776961264,33.99882510008119,CIP
MSW,cip+cro,0.1,0.075,0.05,23.70128868407245,13.398565691312971,35.662560430592514,CIP+CRO
MSW,cip+cro+nda,0.1,0.075,0.05,23.693709355870794,13.260714488151315,36.201576025191315,CIP+CRO+NDA
MSW,cip,0.1,0.1,0,28.567818575805706,16.601580838637812,42.234429439348,CIP
MSW,cip+cro,0.1,0.1,0,31.735071124451522,18.843801161174703,46.85701664189751,CIP+CRO
MSW,cip+cro+nda,0.1,0.1,0,31.534949296417427,18.414037786668622,46.03648513434925,CIP+CRO+NDA
MSW,cip,0.1,0.1,0.05,28.895776012772334,17.30437705824923,42.11385947687643,CIP
MSW,cip+cro,0.1,0.1,0.05,31.06403888974691,18.304577536939977,46.282458856326755,CIP+CRO
MSW,cip+cro+nda,0.1,0.1,0.05,31.88499496761566,19.12729160438849,46.68924876292674,CIP+CRO+NDA
MSW,cip,0.1,0.125,0,35.49200966217201,22.307253655109374,51.0041292176875,CIP
MSW,cip+cro,0.1,0.125,0,38.97750526448212,23.71106917889257,56.58546269346528,CIP+CRO
MSW,cip+cro+nda,0.1,0.125,0,39.33040158729646,24.009182319453586,56.84380490258136,CIP+CRO+NDA
MSW,cip,0.1,0.125,0.05,35.6950697868657,21.38823198457792,51.48047524198411,CIP
MSW,cip+cro,0.1,0.125,0.05,38.98500304323928,23.0802445826045,56.472631160798095,CIP+CRO
MSW,cip+cro+nda,0.1,0.125,0.05,39.1244092566125,24.401675490314176,56.250309171883124,CIP+CRO+NDA
MSW,cip,0.1,0.15,0,42.591516774726976,27.36573312635422,63.9868894814542,CIP
MSW,cip+cro,0.1,0.15,0,47.09336101326105,30.357673247931082,66.0905324084549,CIP+CRO
MSW,cip+cro+nda,0.1,0.15,0,46.809278176397314,29.072656765164165,65.7734253429414,CIP+CRO+NDA
MSW,cip,0.1,0.15,0.05,42.74440899665947,26.473957173627525,61.0621305997412,CIP
MSW,cip+cro,0.1,0.15,0.05,46.579747325510915,29.45784277120504,67.54306968901959,CIP+CRO
MSW,cip+cro+nda,0.1,0.15,0.05,47.352584195526234,30.196432913868758,66.23596005953834,CIP+CRO+NDA
MSW,cip,0.3,0,0,-0.38636556424107127,-2.678505538727851,0.7573285013707768,CIP
MSW,cip+cro,0.3,0,0,-0.7918718618974775,-3.093837432560041,0.4838710404136027,CIP+CRO
MSW,cip+cro+nda,0.3,0,0,-0.7754038104960529,-3.1475501805678303,0.49845070394964086,CIP+CRO+NDA
MSW,cip,0.3,0,0.05,-0.39840012640489053,-2.576211509785845,0.7492587902544083,CIP
MSW,cip+cro,0.3,0,0.05,-0.9549664131956602,-3.6538125164585193,0.4399242614798342,CIP+CRO
MSW,cip+cro+nda,0.3,0,0.05,-0.8013477970662284,-3.1943670983721613,0.47499203326175693,CIP+CRO+NDA
MSW,cip,0.3,0.025,0,5.106253501430947,0.24890963785900272,10.751299786592151,CIP
MSW,cip+cro,0.3,0.025,0,6.768347721755215,1.5406241545219372,14.005163923115056,CIP+CRO
MSW,cip+cro+nda,0.3,0.025,0,6.790339987996014,1.3644566515877867,14.140019519873468,CIP+CRO+NDA
MSW,cip,0.3,0.025,0.05,4.969440562280549,0.5291526421820688,10.520186615641617,CIP
MSW,cip+cro,0.3,0.025,0.05,6.419466198891196,1.2245541000838414,13.31675878245553,CIP+CRO
MSW,cip+cro+nda,0.3,0.025,0.05,6.720998922907577,1.4584086529268079,13.954912217980468,CIP+CRO+NDA
MSW,cip,0.3,0.05,0,10.734558433555774,4.201381392059531,18.848957876326114,CIP
MSW,cip+cro,0.3,0.05,0,14.234681739934661,5.976332369265894,24.320341246340643,CIP+CRO
MSW,cip+cro+nda,0.3,0.05,0,14.28367421221394,6.286182664846373,24.26592841917611,CIP+CRO+NDA
MSW,cip,0.3,0.05,0.05,10.489911524586791,3.8236895249615106,18.233354015727084,CIP
MSW,cip+cro,0.3,0.05,0.05,13.932268435323008,6.139676725855428,24.035079106024405,CIP+CRO
MSW,cip+cro+nda,0.3,0.05,0.05,14.20496610139802,6.12125792409284,24.5260531182142,CIP+CRO+NDA
MSW,cip,0.3,0.075,0,16.426167700789442,8.62368228684947,26.25232280082251,CIP
MSW,cip+cro,0.3,0.075,0,21.87369021212603,11.073261857478569,35.19096617008104,CIP+CRO
MSW,cip+cro+nda,0.3,0.075,0,21.641675079659777,11.368517371486279,33.602824029753386,CIP+CRO+NDA
MSW,cip,0.3,0.075,0.05,16.202857634802996,8.41541061202693,25.651654278466903,CIP
MSW,cip+cro,0.3,0.075,0.05,21.229427158995094,10.755314229557529,32.88621085455365,CIP+CRO
MSW,cip+cro+nda,0.3,0.075,0.05,21.86302745301764,11.994127277434401,33.60872297062288,CIP+CRO+NDA
MSW,cip,0.3,0.1,0,21.900338757737337,11.789408443736864,35.03178820082205,CIP
MSW,cip+cro,0.3,0.1,0,29.153873137166695,17.35554276632525,43.69571191542506,CIP+CRO
MSW,cip+cro+nda,0.3,0.1,0,29.16424488675299,17.053122990562304,44.20376774944831,CIP+CRO+NDA
MSW,cip,0.3,0.1,0.05,21.496285820661335,11.103893853620452,33.006341089143795,CIP
MSW,cip+cro,0.3,0.1,0.05,28.518767836470264,16.437005825844317,42.74228436169653,CIP+CRO
MSW,cip+cro+nda,0.3,0.1,0.05,29.201470491451058,16.314554012467447,43.407155979667984,CIP+CRO+NDA
MSW,cip,0.3,0.125,0,27.130289143433767,16.001679496535544,41.43143700274223,CIP
MSW,cip+cro,0.3,0.125,0,36.7227970775194,21.961206073683258,54.35152137041397,CIP+CRO
MSW,cip+cro+nda,0.3,0.125,0,36.71516405954644,22.337771880561057,53.20196922820253,CIP+CRO+NDA
MSW,cip,0.3,0.125,0.05,27.07782277792311,16.22311204835581,40.15059037246506,CIP
MSW,cip+cro,0.3,0.125,0.05,36.04685050038581,22.07024129996251,52.76424818010532,CIP+CRO
MSW,cip+cro+nda,0.3,0.125,0.05,36.661540704426194,22.212791676748843,53.601217107934524,CIP+CRO+NDA
MSW,cip,0.3,0.15,0,32.29785518299317,18.666436635856297,48.235862483454724,CIP
MSW,cip+cro,0.3,0.15,0,44.66831284484255,28.82144340598387,64.48032111126456,CIP+CRO
MSW,cip+cro+nda,0.3,0.15,0,44.395821688786235,26.164355473260823,64.02569702315988,CIP+CRO+NDA
MSW,cip,0.3,0.15,0.05,32.53003915859737,19.059602438094277,47.33083389010615,CIP
MSW,cip+cro,0.3,0.15,0.05,43.836258645375004,26.121596154507632,63.0942801336972,CIP+CRO
MSW,cip+cro+nda,0.3,0.15,0.05,43.844866022926375,27.47748002005293,63.421193693724355,CIP+CRO+NDA
MSW,cip,0.5,0,0,-1.0732671843518173,-4.156214981067285,0.4643818954549812,CIP
MSW,cip+cro,0.5,0,0,-1.7668435227218342,-4.882940914257197,-0.033713796608542866,CIP+CRO
MSW,cip+cro+nda,0.5,0,0,-1.7189505581658437,-4.402522804354799,0.027723076902775576,CIP+CRO+NDA
MSW,cip,0.5,0,0.05,-1.0798426504963872,-3.9983530063523673,0.4695443575233632,CIP
MSW,cip+cro,0.5,0,0.05,-1.8682779396978173,-5.271051059401344,0.02489831013888516,CIP+CRO
MSW,cip+cro+nda,0.5,0,0.05,-1.7540959106819083,-4.904807551079218,-0.0692431556963782,CIP+CRO+NDA
MSW,cip,0.5,0.025,0,2.9684346553220213,-1.7822177542116842,7.838697843768873,CIP
MSW,cip+cro,0.5,0.025,0,5.4148302050907,0.5128202789925896,11.642777705329566,CIP+CRO
MSW,cip+cro+nda,0.5,0.025,0,5.548284077563397,0.1690250589712294,12.215315179522394,CIP+CRO+NDA
MSW,cip,0.5,0.025,0.05,2.8291377894293004,-1.5919729410479677,8.165599342921878,CIP
MSW,cip+cro,0.5,0.025,0.05,5.015547442562089,-0.41117136575589697,11.931061112604594,CIP+CRO
MSW,cip+cro+nda,0.5,0.025,0.05,5.602778440194464,-0.1725190677041436,12.267195420044022,CIP+CRO+NDA
MSW,cip,0.5,0.05,0,6.9881550918803,1.1453565621852462,14.314873576619632,CIP
MSW,cip+cro,0.5,0.05,0,12.66389061594814,4.624015442000536,22.999999856924664,CIP+CRO
MSW,cip+cro+nda,0.5,0.05,0,12.553779369270744,4.826448544926656,22.056292830610598,CIP+CRO+NDA
MSW,cip,0.5,0.05,0.05,6.821559196122419,1.076765987769069,13.998349602304161,CIP
MSW,cip+cro,0.5,0.05,0.05,11.908911047743757,4.550009266347669,21.082405225925363,CIP+CRO
MSW,cip+cro+nda,0.5,0.05,0.05,12.573507004445085,4.493440728114687,22.445796620070922,CIP+CRO+NDA
MSW,cip,0.5,0.075,0,10.859691829849213,3.674795023012894,20.001882575263842,CIP
MSW,cip+cro,0.5,0.075,0,19.47968532832399,9.528046102009304,31.596229326218417,CIP+CRO
MSW,cip+cro+nda,0.5,0.075,0,19.62184435215607,9.082383060275193,33.274873467835505,CIP+CRO+NDA
MSW,cip,0.5,0.075,0.05,10.531025554067845,3.4379610560316944,19.50904864104958,CIP
MSW,cip+cro,0.5,0.075,0.05,19.220339366367433,9.791975222613232,31.677178149413034,CIP+CRO
MSW,cip+cro+nda,0.5,0.075,0.05,19.652474962527076,9.574389028946491,32.53227693793046,CIP+CRO+NDA
MSW,cip,0.5,0.1,0,14.945798708652273,7.019445294277648,25.531456713236057,CIP
MSW,cip+cro,0.5,0.1,0,27.215005962382897,15.16923690232489,41.888777983631314,CIP+CRO
MSW,cip+cro+nda,0.5,0.1,0,26.943626846799543,14.360086886207405,41.25632804451799,CIP+CRO+NDA
MSW,cip,0.5,0.1,0.05,14.726689740356486,6.076874521059081,24.32556598049086,CIP
MSW,cip+cro,0.5,0.1,0.05,26.13627041568006,13.376891323157231,40.31843856574924,CIP+CRO
MSW,cip+cro+nda,0.5,0.1,0.05,26.91962957370784,14.62653310772465,40.64285012888405,CIP+CRO+NDA
MSW,cip,0.5,0.125,0,18.67683135965608,8.920933954418551,29.33005764806737,CIP
MSW,cip+cro,0.5,0.125,0,34.410593029270025,20.383879471301565,50.96073428782642,CIP+CRO
MSW,cip+cro+nda,0.5,0.125,0,34.149017455170906,19.087198405890707,49.95709841602628,CIP+CRO+NDA
MSW,cip,0.5,0.125,0.05,18.639117177668016,8.977140753746564,30.323820613504864,CIP
MSW,cip+cro,0.5,0.125,0.05,33.598324046711234,18.74170844822655,49.885313805632094,CIP+CRO
MSW,cip+cro+nda,0.5,0.125,0.05,34.333385671421226,20.231996468513398,50.508829363701814,CIP+CRO+NDA
MSW,cip,0.5,0.15,0,23.01963325391849,12.336261071581001,36.64755365135173,CIP
MSW,cip+cro,0.5,0.15,0,41.86144092907025,25.55895454000981,59.25838437593858,CIP+CRO
MSW,cip+cro+nda,0.5,0.15,0,41.65684384659103,24.73640374863275,59.2378199633849,CIP+CRO+NDA
MSW,cip,0.5,0.15,0.05,22.703695629560702,11.923857984617632,34.48870023134003,CIP
MSW,cip+cro,0.5,0.15,0.05,40.68935635987396,23.60805792470835,57.71484389484346,CIP+CRO
MSW,cip+cro+nda,0.5,0.15,0.05,41.461657733033945,24.859042311034205,59.8385685262044,CIP+CRO+NDA
MSW,cip,0.7,0,0,-1.8837836716799474,-5.549824485197726,0.1493833744764269,CIP
MSW,cip+cro,0.7,0,0,-2.6925752569644503,-6.706286170462593,-0.5010322526367768,CIP+CRO
MSW,cip+cro+nda,0.7,0,0,-2.6304067780108134,-6.129873593279458,-0.4889014751656204,CIP+CRO+NDA
MSW,cip,0.7,0,0.05,-1.7018846502628273,-5.242759470928371,0.2030145879910477,CIP
MSW,cip+cro,0.7,0,0.05,-2.850322489857941,-6.481917212937178,-0.5366865725872757,CIP+CRO
MSW,cip+cro+nda,0.7,0,0.05,-2.642872532911606,-6.074261326449246,-0.467028510619757,CIP+CRO+NDA
MSW,cip,0.7,0.025,0,0.5771080288536031,-3.6705715649700243,4.88487628538348,CIP
MSW,cip+cro,0.7,0.025,0,4.128811970781448,-1.261851733170357,10.051504031019187,CIP+CRO
MSW,cip+cro+nda,0.7,0.025,0,4.206170444800963,-0.8430800192766351,10.921618394247437,CIP+CRO+NDA
MSW,cip,0.7,0.025,0.05,0.7236848393667199,-3.4626179338155896,5.340864705993781,CIP
MSW,cip+cro,0.7,0.025,0.05,3.658516304277438,-2.2959062075719245,10.49727370410543,CIP+CRO
MSW,cip+cro+nda,0.7,0.025,0.05,4.329186357470256,-0.9881464533298557,11.498721586735085,CIP+CRO+NDA
MSW,cip,0.7,0.05,0,3.039291957041329,-1.7069925415700926,8.491630911354038,CIP
MSW,cip+cro,0.7,0.05,0,10.844215178293563,3.3404902152769607,19.953631566394098,CIP+CRO
MSW,cip+cro+nda,0.7,0.05,0,10.950354135303748,3.6895601596066636,21.19220557824533,CIP+CRO+NDA
MSW,cip,0.7,0.05,0.05,2.9294528805070867,-1.8828011897246069,8.214466325043386,CIP
MSW,cip+cro,0.7,0.05,0.05,10.28330820164868,2.974424853174841,19.459185599760144,CIP+CRO
MSW,cip+cro+nda,0.7,0.05,0.05,10.758388015092544,3.0767621178299844,20.195742750103467,CIP+CRO+NDA
MSW,cip,0.7,0.075,0,5.450202792760595,0.07833419671666285,12.097212058524773,CIP
MSW,cip+cro,0.7,0.075,0,18.001156965948883,8.187152724565887,29.78225819202685,CIP+CRO
MSW,cip+cro+nda,0.7,0.075,0,18.118666406742356,8.283565022984671,29.969363052046823,CIP+CRO+NDA
MSW,cip,0.7,0.075,0.05,5.286085568033223,-0.016131727411456236,11.969827370603987,CIP
MSW,cip+cro,0.7,0.075,0.05,16.936772688103122,7.042635551833194,28.709439700732073,CIP+CRO
MSW,cip+cro+nda,0.7,0.075,0.05,17.701403889574642,8.063498171035077,29.42747591171126,CIP+CRO+NDA
MSW,cip,0.7,0.1,0,7.897182063794638,1.7002314078743594,15.954661894426724,CIP
MSW,cip+cro,0.7,0.1,0,25.17033759658493,13.234798565653175,39.028004460235934,CIP+CRO
MSW,cip+cro+nda,0.7,0.1,0,24.939488143099613,13.139609879395675,37.54773864935842,CIP+CRO+NDA
MSW,cip,0.7,0.1,0.05,7.861004965043799,1.8578625711826369,15.46159941831645,CIP
MSW,cip+cro,0.7,0.1,0.05,23.568046461988356,11.808232983868617,37.90254427871652,CIP+CRO
MSW,cip+cro+nda,0.7,0.1,0.05,25.070540297723113,13.217208352371198,40.032544991978696,CIP+CRO+NDA
MSW,cip,0.7,0.125,0,10.333203399240709,3.212408230843987,19.6792009253879,CIP
MSW,cip+cro,0.7,0.125,0,31.57556660649736,17.191616412077636,48.003430789848586,CIP+CRO
MSW,cip+cro+nda,0.7,0.125,0,31.846731204210844,17.846595608578156,48.03301729939413,CIP+CRO+NDA
MSW,cip,0.7,0.125,0.05,10.360869767649344,3.0254737972737114,19.600710545886226,CIP
MSW,cip+cro,0.7,0.125,0.05,29.426178320059947,15.67860817301137,44.210803941869216,CIP+CRO
MSW,cip+cro+nda,0.7,0.125,0.05,31.34103534521068,16.983031960785656,48.33117270851893,CIP+CRO+NDA
MSW,cip,0.7,0.15,0,12.617576884142782,5.295176810863008,22.123575160336753,CIP
MSW,cip+cro,0.7,0.15,0,38.96995221702514,22.269435378061527,58.77909446954801,CIP+CRO
MSW,cip+cro+nda,0.7,0.15,0,38.94229953868172,21.688779928845918,57.30453801610339,CIP+CRO+NDA
MSW,cip,0.7,0.15,0.05,12.645361704889424,4.850355537205151,21.995583100888364,CIP
MSW,cip+cro,0.7,0.15,0.05,36.490157186807004,20.570733769117457,54.30955282410758,CIP+CRO
MSW,cip+cro+nda,0.7,0.15,0.05,38.696160288865975,22.662443775916923,56.374817149084606,CIP+CRO+NDA
WSM,cip,0.1,0,0,0.20908477828678648,-2.6476467457972714,1.0404738389604689,CIP
WSM,cip+cro,0.1,0,0,0.03168573218743643,-2.7847866605871596,0.9848240559672187,CIP+CRO
WSM,cip+cro+nda,0.1,0,0,0.012593030323360208,-3.0624188059809594,0.998216016803676,CIP+CRO+NDA
WSM,cip,0.1,0,0.05,0.1832199775278278,-2.78902822564713,1.0149781075733695,CIP
WSM,cip+cro,0.1,0,0.05,-0.037271261140843524,-3.670784272323326,1.0082258445180345,CIP+CRO
WSM,cip+cro+nda,0.1,0,0.05,-0.00418607126696988,-2.989258595728513,0.98983222077223,CIP+CRO+NDA
WSM,cip,0.1,0.025,0,10.406297792367342,1.155957061257801,22.323742021855608,CIP
WSM,cip+cro,0.1,0.025,0,10.869494198156586,1.264771444610042,22.92246313451608,CIP+CRO
WSM,cip+cro+nda,0.1,0.025,0,10.939495626783776,1.3623266052871175,24.07372944825587,CIP+CRO+NDA
WSM,cip,0.1,0.025,0.05,10.011020918613283,0.9081275356819596,23.709202068987228,CIP
WSM,cip+cro,0.1,0.025,0.05,11.416966116442987,1.5200276534902941,25.034486511287845,CIP+CRO
WSM,cip+cro+nda,0.1,0.025,0.05,11.005078759879977,1.7756795369334113,24.375117007279446,CIP+CRO+NDA
WSM,cip,0.1,0.05,0,20.13354230798322,6.297107756202675,36.64157573572516,CIP
WSM,cip+cro,0.1,0.05,0,22.027161939330767,7.519352319046005,41.81051492394159,CIP+CRO
WSM,cip+cro+nda,0.1,0.05,0,22.144621895521876,6.742930061042928,42.564675099431845,CIP+CRO+NDA
WSM,cip,0.1,0.05,0.05,20.05854997074366,6.605066958599266,37.47404647283961,CIP
WSM,cip+cro,0.1,0.05,0.05,22.3892108426552,8.05861595563463,42.00206077238152,CIP+CRO
WSM,cip+cro+nda,0.1,0.05,0.05,22.500828718222078,7.94854080091969,41.26422813128782,CIP+CRO+NDA
WSM,cip,0.1,0.075,0,30.678421782574617,11.95495820153136,53.477055511838856,CIP
WSM,cip+cro,0.1,0.075,0,33.778055126597366,14.82201764923467,58.107553577050695,CIP+CRO
WSM,cip+cro+nda,0.1,0.075,0,33.55354240522858,14.746700283520996,57.1403338491167,CIP+CRO+NDA
WSM,cip,0.1,0.075,0.05,30.557523831865,11.732282041364128,54.20150148142361,CIP
WSM,cip+cro,0.1,0.075,0.05,33.452185007257214,15.205099449238286,57.36846128237472,CIP+CRO
WSM,cip+cro+nda,0.1,0.075,0.05,33.67639699529224,13.967133669793432,56.565043162445725,CIP+CRO+NDA
WSM,cip,0.1,0.1,0,40.2027967423983,18.797444948182186,66.62413612036627,CIP
WSM,cip+cro,0.1,0.1,0,44.40559776669162,21.90904223751464,71.06524721761947,CIP+CRO
WSM,cip+cro+nda,0.1,0.1,0,44.83248918748327,21.074093005788143,72.72621864990526,CIP+CRO+NDA
WSM,cip,0.1,0.1,0.05,40.44671530828875,18.205839034792287,67.11440230153154,CIP
WSM,cip+cro,0.1,0.1,0.05,43.75533251420043,21.48904892313871,72.58826275201297,CIP+CRO
WSM,cip+cro+nda,0.1,0.1,0.05,44.24888417744281,20.81456490607604,72.3657312987101,CIP+CRO+NDA
WSM,cip,0.1,0.125,0,50.621291405170425,25.42631142641662,81.68193396436227,CIP
WSM,cip+cro,0.1,0.125,0,55.2831410370112,29.349005553274036,87.21573331869733,CIP+CRO
WSM,cip+cro+nda,0.1,0.125,0,55.69570984217868,27.83487287385089,90.47477622432388,CIP+CRO+NDA
WSM,cip,0.1,0.125,0.05,50.347862315020436,25.44534252226393,81.08422623638441,CIP
WSM,cip+cro,0.1,0.125,0.05,55.05671191945702,28.124608201721227,87.16300337331097,CIP+CRO
WSM,cip+cro+nda,0.1,0.125,0.05,55.81055134303603,29.122251427021503,88.2665460528325,CIP+CRO+NDA
WSM,cip,0.1,0.15,0,60.16746482353983,32.54108883737278,95.1021706203557,CIP
WSM,cip+cro,0.1,0.15,0,67.22426873831128,36.735294391097675,107.87338704724891,CIP+CRO
WSM,cip+cro+nda,0.1,0.15,0,67.23789264808492,36.81988658179592,105.38146417225177,CIP+CRO+NDA
WSM,cip,0.1,0.15,0.05,59.77422537804707,31.063021108025648,93.70105028994047,CIP
WSM,cip+cro,0.1,0.15,0.05,66.95500202382046,35.554951390984485,103.6327455004942,CIP+CRO
WSM,cip+cro+nda,0.1,0.15,0.05,67.37375773173794,36.043315307874266,105.21746799559604,CIP+CRO+NDA
WSM,cip,0.3,0,0,-0.8366706926295822,-5.288114418179878,0.7869164844433404,CIP
WSM,cip+cro,0.3,0,0,-1.1314000007260794,-6.0789572765443225,0.659324710702271,CIP+CRO
WSM,cip+cro+nda,0.3,0,0,-1.3122529272825108,-6.01579356023287,0.6280265965719701,CIP+CRO+NDA
WSM,cip,0.3,0,0.05,-0.8294575968833795,-5.4083151552744075,0.7833531553982549,CIP
WSM,cip+cro,0.3,0,0.05,-1.321928915329076,-6.363026966802914,0.7128073894556333,CIP+CRO
WSM,cip+cro+nda,0.3,0,0.05,-1.184680294506797,-5.782748361837107,0.6810463307791381,CIP+CRO+NDA
WSM,cip,0.3,0.025,0,6.844273065156168,-1.4964100498893227,17.145935576138765,CIP
WSM,cip+cro,0.3,0.025,0,9.550223777870237,-0.4800178132279163,23.302760790426724,CIP+CRO
WSM,cip+cro+nda,0.3,0.025,0,9.88613135203298,0.11949337365266753,22.337238357542418,CIP+CRO+NDA
WSM,cip,0.3,0.025,0.05,7.071848094323126,-1.5044436274249677,18.2159295465932,CIP
WSM,cip+cro,0.3,0.025,0.05,9.16719611223363,-0.21977047594583696,21.66605303466786,CIP+CRO
WSM,cip+cro+nda,0.3,0.025,0.05,9.64844306814993,-0.6492246442547847,22.66145719885541,CIP+CRO+NDA
WSM,cip,0.3,0.05,0,14.569022701994438,2.753666976648705,30.25828593747428,CIP
WSM,cip+cro,0.3,0.05,0,20.74392679963289,6.323909208625892,40.91925642319162,CIP+CRO
WSM,cip+cro+nda,0.3,0.05,0,20.144530602492,5.124914085862163,38.52997187360372,CIP+CRO+NDA
WSM,cip,0.3,0.05,0.05,14.971346752748076,2.9477228005600686,31.684875824449914,CIP
WSM,cip+cro,0.3,0.05,0.05,20.289303763155907,6.13775183216301,39.52405933223006,CIP+CRO
WSM,cip+cro+nda,0.3,0.05,0.05,20.530634620091792,6.022048345731718,39.19717380378262,CIP+CRO+NDA
WSM,cip,0.3,0.075,0,22.385019397489188,6.826649749175168,41.966398587202825,CIP
WSM,cip+cro,0.3,0.075,0,31.033232914095496,12.515345906294675,54.683657071174146,CIP+CRO
WSM,cip+cro+nda,0.3,0.075,0,31.680178875552837,12.165233049961536,54.881619049124374,CIP+CRO+NDA
WSM,cip,0.3,0.075,0.05,22.863076968663083,7.773576077503791,42.77740192076143,CIP
WSM,cip+cro,0.3,0.075,0.05,31.24438970613007,12.425048964626221,57.15585210735443,CIP+CRO
WSM,cip+cro+nda,0.3,0.075,0.05,31.474715057600637,12.626348239840645,57.93271011839543,CIP+CRO+NDA
WSM,cip,0.3,0.1,0,30.13103587380733,11.256031109037805,52.431965168815616,CIP
WSM,cip+cro,0.3,0.1,0,41.9589256288757,20.062284674271154,68.92636086238772,CIP+CRO
WSM,cip+cro+nda,0.3,0.1,0,42.81530604568732,19.645177567808012,71.59194568430033,CIP+CRO+NDA
WSM,cip,0.3,0.1,0.05,30.515329485852746,11.498327751192345,55.30513105575965,CIP
WSM,cip+cro,0.3,0.1,0.05,41.15100152345118,19.15107507212868,67.96592680032305,CIP+CRO
WSM,cip+cro+nda,0.3,0.1,0.05,41.6628978665148,18.703986478957805,69.1216514894605,CIP+CRO+NDA
WSM,cip,0.3,0.125,0,38.44087702427544,15.884248447842698,66.05757577569597,CIP
WSM,cip+cro,0.3,0.125,0,52.80939640041865,26.816908645988697,87.7882960130551,CIP+CRO
WSM,cip+cro+nda,0.3,0.125,0,53.35205478007539,26.44639309173188,86.5682810581658,CIP+CRO+NDA
WSM,cip,0.3,0.125,0.05,38.12195504801733,17.508397872574935,61.83277314641221,CIP
WSM,cip+cro,0.3,0.125,0.05,51.67607394370198,24.51471339189402,83.54232153321225,CIP+CRO
WSM,cip+cro+nda,0.3,0.125,0.05,53.3623867993203,28.84416812198861,85.82542032418004,CIP+CRO+NDA
WSM,cip,0.3,0.15,0,46.304301448414606,23.067267477459424,75.69959877470338,CIP
WSM,cip+cro,0.3,0.15,0,64.48318806324124,32.397547355061086,98.13570176688805,CIP+CRO
WSM,cip+cro+nda,0.3,0.15,0,63.78692013331081,33.79182359801921,99.86527258187868,CIP+CRO+NDA
WSM,cip,0.3,0.15,0.05,46.69693869563324,23.067366962904607,74.2057667186108,CIP
WSM,cip+cro,0.3,0.15,0.05,63.1226208983354,32.733858987530965,100.35658962452054,CIP+CRO
WSM,cip+cro+nda,0.3,0.15,0.05,64.45608116559279,35.361360414746834,101.49347800066028,CIP+CRO+NDA
WSM,cip,0.5,0,0,-1.7300183628654555,-7.217119767652837,0.5592557927344433,CIP
WSM,cip+cro,0.5,0,0,-2.5891073212917775,-8.518694971209447,0.3074931365294083,CIP+CRO
WSM,cip+cro+nda,0.5,0,0,-2.5114273352622525,-9.05095219608301,0.31577057383389256,CIP+CRO+NDA
WSM,cip,0.5,0,0.05,-1.8186175902833976,-8.101181290841923,0.5519835330231748,CIP
WSM,cip+cro,0.5,0,0.05,-2.8947466239150805,-9.673089237459223,0.3124668189134587,CIP+CRO
WSM,cip+cro+nda,0.5,0,0.05,-2.5615999690202544,-8.948670491202861,0.3274059037236937,CIP+CRO+NDA
WSM,cip,0.5,0.025,0,3.7272980507801603,-4.606125703962167,13.077017203978908,CIP
WSM,cip+cro,0.5,0.025,0,8.060715794289075,-2.265099752510646,22.040769338229364,CIP+CRO
WSM,cip+cro+nda,0.5,0.025,0,8.177744621280773,-2.425851492467422,22.850155120447038,CIP+CRO+NDA
WSM,cip,0.5,0.025,0.05,3.5543938057182145,-4.9180390206312286,13.13952184380627,CIP
WSM,cip+cro,0.5,0.025,0.05,7.530718769769518,-2.343979540694316,19.87244356695653,CIP+CRO
WSM,cip+cro+nda,0.5,0.025,0.05,8.014837444404424,-2.3886788345870276,21.276920382663683,CIP+CRO+NDA
WSM,cip,0.5,0.05,0,9.653109884296727,-1.4720799604434156,22.827023811777252,CIP
WSM,cip+cro,0.5,0.05,0,18.064260356417037,2.6497237981328743,37.646816877075835,CIP+CRO
WSM,cip+cro+nda,0.5,0.05,0,18.47196711120069,4.347291842022817,37.74649166760469,CIP+CRO+NDA
WSM,cip,0.5,0.05,0.05,9.10369754379403,-2.1037406796978413,23.82798036672244,CIP
WSM,cip+cro,0.5,0.05,0.05,17.542632706696473,3.4170719455994987,34.70431392181021,CIP+CRO
WSM,cip+cro+nda,0.5,0.05,0.05,18.96333388548907,4.5633726351067185,37.931262699392484,CIP+CRO+NDA
WSM,cip,0.5,0.075,0,15.69376335761673,1.879089220317848,32.64919088004674,CIP
WSM,cip+cro,0.5,0.075,0,29.279404060994057,10.222827848898406,53.865186498884114,CIP+CRO
WSM,cip+cro+nda,0.5,0.075,0,29.09403839195639,9.735089179518937,53.86147434925893,CIP+CRO+NDA
WSM,cip,0.5,0.075,0.05,15.348969324815824,3.294512970835996,31.695536799309178,CIP
WSM,cip+cro,0.5,0.075,0.05,28.042129407650506,9.711921431311081,49.010686766245854,CIP+CRO
WSM,cip+cro+nda,0.5,0.075,0.05,28.384669932067656,10.51210484893102,52.567573624114345,CIP+CRO+NDA
WSM,cip,0.5,0.1,0,20.94591619933456,5.716925110191243,39.74420494840742,CIP
WSM,cip+cro,0.5,0.1,0,39.441876806130445,17.116922979891946,69.02205299339755,CIP+CRO
WSM,cip+cro+nda,0.5,0.1,0,39.62248818872695,18.08028609174566,66.53166987982122,CIP+CRO+NDA
WSM,cip,0.5,0.1,0.05,21.16410849469778,6.185468155781159,39.55473644896076,CIP
WSM,cip+cro,0.5,0.1,0.05,39.02551329808337,15.656827681052691,65.27904529442013,CIP+CRO
WSM,cip+cro+nda,0.5,0.1,0.05,40.11289300720664,16.19572704164685,68.5238785149742,CIP+CRO+NDA
WSM,cip,0.5,0.125,0,26.788293405857733,9.534600242757623,50.87145365418829,CIP
WSM,cip+cro,0.5,0.125,0,50.9038933579605,24.202170854395536,84.83050173293526,CIP+CRO
WSM,cip+cro+nda,0.5,0.125,0,50.261180169621454,22.692648760291746,82.47713708781755,CIP+CRO+NDA
WSM,cip,0.5,0.125,0.05,26.338193897091003,9.789779638238533,48.99367906514082,CIP
WSM,cip+cro,0.5,0.125,0.05,48.204839631844074,20.459275292020692,78.98306522527155,CIP+CRO
WSM,cip+cro+nda,0.5,0.125,0.05,49.40411941393103,24.05398508763901,78.37442254344042,CIP+CRO+NDA
WSM,cip,0.5,0.15,0,31.969125448393818,13.207037035159937,54.24294614737806,CIP
WSM,cip+cro,0.5,0.15,0,61.5541154058617,30.670816320509488,97.22337568905495,CIP+CRO
WSM,cip+cro+nda,0.5,0.15,0,60.36421247669699,31.14514986662455,96.84240658400104,CIP+CRO+NDA
WSM,cip,0.5,0.15,0.05,32.16289373444028,12.715239963184262,56.09673760815328,CIP
WSM,cip+cro,0.5,0.15,0.05,58.04645891901431,28.734742014232257,92.8561643974902,CIP+CRO
WSM,cip+cro+nda,0.5,0.15,0.05,60.85032880858541,30.83748666466737,97.702070396365,CIP+CRO+NDA
WSM,cip,0.7,0,0,-2.810598813522345,-9.395407598841722,0.3209300312346053,CIP
WSM,cip+cro,0.7,0,0,-3.639226527041534,-10.845185558270321,-0.08413177868761497,CIP+CRO
WSM,cip+cro+nda,0.7,0,0,-3.7662468376295672,-11.152781045857191,-0.028827733711256805,CIP+CRO+NDA
WSM,cip,0.7,0,0.05,-2.7488103417494605,-9.442448878439441,0.32768795594685574,CIP
WSM,cip+cro,0.7,0,0.05,-4.1137224785187705,-11.31962037615643,0.04435413244937889,CIP+CRO
WSM,cip+cro+nda,0.7,0,0.05,-3.769450402622583,-10.564719203996162,-0.06278854419371918,CIP+CRO+NDA
WSM,cip,0.7,0.025,0,0.8664084843713974,-6.729003948082391,9.243389228876609,CIP
WSM,cip+cro,0.7,0.025,0,6.495994526106854,-4.128901496711792,20.133979457687918,CIP+CRO
WSM,cip+cro+nda,0.7,0.025,0,6.514107965690093,-3.711022789133477,20.229282003053896,CIP+CRO+NDA
WSM,cip,0.7,0.025,0.05,0.589442774791024,-7.467139126720071,8.668389545694737,CIP
WSM,cip+cro,0.7,0.025,0.05,6.1383386105851026,-4.010253334299653,18.865426932020874,CIP+CRO
WSM,cip+cro+nda,0.7,0.025,0.05,6.564017103345366,-4.09936251804726,19.79915204982509,CIP+CRO+NDA
WSM,cip,0.7,0.05,0,3.784451480410415,-4.91297605942367,14.375588533644216,CIP
WSM,cip+cro,0.7,0.05,0,17.00114697087821,2.516041587430058,35.332867018533626,CIP+CRO
WSM,cip+cro+nda,0.7,0.05,0,16.81460011509088,2.7958048091458334,34.39722632784195,CIP+CRO+NDA
WSM,cip,0.7,0.05,0.05,4.244195313215408,-4.690102788386049,14.715852401276537,CIP
WSM,cip+cro,0.7,0.05,0.05,15.89881405496501,0.9652170216474076,34.53328129403744,CIP+CRO
WSM,cip+cro+nda,0.7,0.05,0.05,16.545619881006385,2.1299825088727533,34.5739854997423,CIP+CRO+NDA
WSM,cip,0.7,0.075,0,7.574110710736024,-2.6586903595832947,19.89236375264603,CIP
WSM,cip+cro,0.7,0.075,0,26.764182037925874,8.434973030289182,48.59784816675484,CIP+CRO
WSM,cip+cro+nda,0.7,0.075,0,27.162723145413963,8.547521914465927,46.77300655487727,CIP+CRO+NDA
WSM,cip,0.7,0.075,0.05,7.50368151935404,-2.748399399099321,20.95690045111694,CIP
WSM,cip+cro,0.7,0.075,0.05,24.788157338929746,6.480707769917976,48.263485029008734,CIP+CRO
WSM,cip+cro+nda,0.7,0.075,0.05,27.42685960469236,8.844976836146559,50.22419127292759,CIP+CRO+NDA
WSM,cip,0.7,0.1,0,10.934033739392522,-0.746908149471311,24.742610663453465,CIP
WSM,cip+cro,0.7,0.1,0,36.9982273058602,14.683757651405013,63.95475241440772,CIP+CRO
WSM,cip+cro+nda,0.7,0.1,0,37.29661574785443,16.010643789815923,63.79237809525247,CIP+CRO+NDA
WSM,cip,0.7,0.1,0.05,10.865492507141559,-1.3515215849692683,26.371392901205407,CIP
WSM,cip+cro,0.7,0.1,0.05,35.03971790324445,12.398270668166155,62.63509952079552,CIP+CRO
WSM,cip+cro+nda,0.7,0.1,0.05,36.12340663287965,14.888711996741822,61.40939204470928,CIP+CRO+NDA
WSM,cip,0.7,0.125,0,14.48342136870021,1.7546384736401193,32.63596671565817,CIP
WSM,cip+cro,0.7,0.125,0,47.65323113643482,20.01106320333408,80.21051009639889,CIP+CRO
WSM,cip+cro+nda,0.7,0.125,0,47.096000098552956,20.451618851773162,77.02711113007366,CIP+CRO+NDA
WSM,cip,0.7,0.125,0.05,14.228060019225126,0.9860276373473107,30.131829409467613,CIP
WSM,cip+cro,0.7,0.125,0.05,45.441167849716216,20.523814970387278,76.35729917867077,CIP+CRO
WSM,cip+cro+nda,0.7,0.125,0.05,47.13365814634553,22.05873795660554,78.5909638013149,CIP+CRO+NDA
WSM,cip,0.7,0.15,0,17.917465897600813,2.7274163124998156,37.67876914710913,CIP
WSM,cip+cro,0.7,0.15,0,57.97310386809874,27.02017319277885,93.77435203692458,CIP+CRO
WSM,cip+cro+nda,0.7,0.15,0,57.18034250034041,28.08546294481111,90.48710650095961,CIP+CRO+NDA
WSM,cip,0.7,0.15,0.05,17.97936893978125,3.5458418972126253,36.628512514781875,CIP
WSM,cip+cro,0.7,0.15,0.05,54.68461161217434,23.252948204791778,90.86262263896904,CIP+CRO
WSM,cip+cro+nda,0.7,0.15,0.05,57.65532096716934,27.559381615903295,95.61338833728354,CIP+CRO+NDA
