cip_res,cro_res,nda_res,strategy,threshold_price,threshold_lower,threshold_upper
0.1,0,0,CIP,0.3207084859813428,-0.5297663110521474,0.8202589812511114
0.1,0,0,CIP+CRO,0.16912624127813589,-0.735680035207765,0.7142243444158568
0.1,0,0,CIP+CRO+NDA,0.16259602947037605,-0.8744875532044755,0.7184851832235459
0.1,0,0.05,CIP,0.3189037899337765,-0.5935798290079697,0.8284820962186115
0.1,0,0.05,CIP+CRO,0.12692579346313065,-0.9631267863902905,0.7268729980222948
0.1,0,0.05,CIP+CRO+NDA,0.1607103961156194,-0.8124994344618364,0.7341315934170285
0.1,0.025,0,CIP,7.498114799758397,4.298632200832271,11.304983411992444
0.1,0.025,0,CIP+CRO,7.9638673107946305,4.596476969422076,11.916755195637451
0.1,0.025,0,CIP+CRO+NDA,8.003728266196152,4.541417051512796,11.881779849855363
0.1,0.025,0.05,CIP,7.392749151560059,4.159538298424113,11.441255561312785
0.1,0.025,0.05,CIP+CRO,8.033845790233636,4.627818331001075,12.17794233459796
0.1,0.025,0.05,CIP+CRO+NDA,8.00206623547582,4.536280010257624,12.128205894075135
0.1,0.05,0,CIP,14.46608889629344,9.600881046251619,20.09092688952856
0.1,0.05,0,CIP+CRO,15.813166390396862,10.63370043504741,21.75128295722687
0.1,0.05,0,CIP+CRO+NDA,15.88611926674952,10.50160370226969,22.467489285909394
0.1,0.05,0.05,CIP,14.56804834663768,9.577826730525633,19.946871548238136
0.1,0.05,0.05,CIP+CRO,15.850728598344135,10.527663915571283,21.89460289017919
0.1,0.05,0.05,CIP+CRO+NDA,16.0123089491754,10.955176253218916,22.025391657146468
0.1,0.075,0,CIP,21.719903900605146,15.34313197661331,28.73355500620312
0.1,0.075,0,CIP+CRO,23.923855612363358,17.243759512612115,31.42064124990044
0.1,0.075,0,CIP+CRO+NDA,23.872369665950448,17.04391832532838,31.07520136437042
0.1,0.075,0.05,CIP,21.763546216095413,15.466418360069367,29.30935510696629
0.1,0.075,0.05,CIP+CRO,23.610934179293324,16.98845860400928,31.60301901869262
0.1,0.075,0.05,CIP+CRO+NDA,23.768617772425166,16.665030933627584,31.530495724942195
0.1,0.1,0,CIP,28.679213278792343,20.90476238040694,36.90849117709979
0.1,0.1,0,CIP+CRO,31.639644591724196,23.143839405381463,40.70628490925487
0.1,0.1,0,CIP+CRO+NDA,31.613196687437615,23.161119570693078,40.76745223381551
0.1,0.1,0.05,CIP,29.04872823609215,21.311568486456657,37.71238642524379
0.1,0.1,0.05,CIP+CRO,31.314167550486562,23.253216567930767,40.39016214776471
0.1,0.1,0.05,CIP+CRO+NDA,31.81306675896212,23.043127736450604,41.09996847919492
0.1,0.125,0,CIP,36.05088473940328,27.004460231681417,46.15111717828691
0.1,0.125,0,CIP+CRO,39.34437424875626,29.966819923015105,49.58946329432856
0.1,0.125,0,CIP+CRO+NDA,39.53674183755555,29.497472219013027,50.48074944868784
0.1,0.125,0.05,CIP,36.013880828302064,26.757350770304427,46.85288857146374
0.1,0.125,0.05,CIP+CRO,39.193552139811864,28.930111758924827,50.237963439880986
0.1,0.125,0.05,CIP+CRO+NDA,39.59506923914321,29.490887244806203,50.434387363699564
0.1,0.15,0,CIP,42.85636986697692,32.25609357605602,54.13357698556957
0.1,0.15,0,CIP+CRO,47.3668669053243,35.84492074311756,60.21355439725501
0.1,0.15,0,CIP+CRO+NDA,47.33686576710806,35.781064873801455,59.5075724360327
0.1,0.15,0.05,CIP,42.8299446221251,31.44099913705148,55.16895694697544
0.1,0.15,0.05,CIP+CRO,47.19702199294751,35.17971345569841,59.08104152035091
0.1,0.15,0.05,CIP+CRO+NDA,47.59706962140629,35.65028727612251,60.32108193982444
0.3,0,0,CIP,-0.40919317538275457,-1.6914128804850193,0.44335295895776805
0.3,0,0,CIP+CRO,-0.7799327809475985,-2.2361595446964593,0.11001547105186656
0.3,0,0,CIP+CRO+NDA,-0.826304622897307,-2.2927262932514996,0.08154819465110752
0.3,0,0.05,CIP,-0.41168285755954626,-1.72689246046671,0.45442123056017214
0.3,0,0.05,CIP+CRO,-0.8889207451729703,-2.40383264810924,0.08834138216894474
0.3,0,0.05,CIP+CRO+NDA,-0.7991850653631177,-2.1896558469832534,0.10006004034152188
0.3,0.025,0,CIP,5.105345877168528,2.1108820628894764,8.63106592820311
0.3,0.025,0,CIP+CRO,6.744514363573213,3.2895723667775836,10.861032765853365
0.3,0.025,0,CIP+CRO+NDA,6.824755484535087,3.239568920946542,10.812120551735193
0.3,0.025,0.05,CIP,5.1058738067171605,2.1761817087310558,8.27566000260822
0.3,0.025,0.05,CIP+CRO,6.50918329787031,3.115390116837957,10.435857479891425
0.3,0.025,0.05,CIP+CRO+NDA,6.716539580027555,3.1681347590604396,10.72122553897671
0.3,0.05,0,CIP,10.681244637950341,6.60248613662101,15.950603284390562
0.3,0.05,0,CIP+CRO,14.439423314199612,9.38981566714074,20.797519107710876
0.3,0.05,0,CIP+CRO+NDA,14.245331030397965,8.907700403264288,20.15242890855647
0.3,0.05,0.05,CIP,10.710366239874686,6.429836471148684,15.959986069678202
0.3,0.05,0.05,CIP+CRO,14.112442482268872,8.754921799165402,20.252640821087176
0.3,0.05,0.05,CIP+CRO+NDA,14.279478133313384,9.002399648271918,20.58805019917118
0.3,0.075,0,CIP,16.2923139401618,11.102281232679593,22.253594281898007
0.3,0.075,0,CIP+CRO,21.839533452111038,15.248240516493581,29.459864406407355
0.3,0.075,0,CIP+CRO+NDA,21.93227596879716,15.243873940929674,29.917237010368297
0.3,0.075,0.05,CIP,16.259912976072567,10.974470091499944,22.75303566376132
0.3,0.075,0.05,CIP+CRO,21.524816060598475,14.587348268530363,29.29768930751658
0.3,0.075,0.05,CIP+CRO+NDA,21.856669734884058,15.11880248358572,30.19409666197047
0.3,0.1,0,CIP,21.647542195151125,14.827240646744485,29.19319449800391
0.3,0.1,0,CIP+CRO,29.24190200405745,20.918079457161035,39.09649213500659
0.3,0.1,0,CIP+CRO+NDA,29.68207215186293,20.970896866202203,39.22006527484164
0.3,0.1,0.05,CIP,21.68507179442285,14.807838749422688,29.530336277149384
0.3,0.1,0.05,CIP+CRO,28.883940581513485,20.892800774976642,37.832721456553635
0.3,0.1,0.05,CIP+CRO+NDA,29.17480750074223,20.70732500459126,37.9823688702349
0.3,0.125,0,CIP,27.393011785733744,19.647196579332853,36.21991008172086
0.3,0.125,0,CIP+CRO,36.867094058307735,27.079205709390937,48.49473067892464
0.3,0.125,0,CIP+CRO+NDA,37.09913777716721,27.49932493799052,47.425416892956356
0.3,0.125,0.05,CIP,27.291981856701355,19.919850544020676,35.48310260842771
0.3,0.125,0.05,CIP+CRO,36.08308172519557,26.830838206637132,45.93524562173244
0.3,0.125,0.05,CIP+CRO+NDA,37.25929940748531,27.54005686784607,48.064459102496784
0.3,0.15,0,CIP,32.91582163697716,24.148134992213866,41.84552718287754
0.3,0.15,0,CIP+CRO,44.84606591389188,32.810991195169194,56.45126938089681
0.3,0.15,0,CIP+CRO+NDA,44.59780951768826,33.39888508216293,57.49688083931952
0.3,0.15,0.05,CIP,33.03567173610085,24.24621050970717,42.346380129939604
0.3,0.15,0.05,CIP+CRO,43.968057512543346,32.81541267751135,55.63476774870915
0.3,0.15,0.05,CIP+CRO+NDA,44.518048185215285,33.77904519908458,56.83663464768489
0.5,0,0,CIP,-1.1006452408403116,-2.7157395530040147,-0.010010335171698763
0.5,0,0,CIP+CRO,-1.7980808322090926,-3.5031426741998257,-0.5882163781874274
0.5,0,0,CIP+CRO+NDA,-1.7660766056186272,-3.6278000332294766,-0.5244959846796222
0.5,0,0.05,CIP,-1.11970047167482,-3.0372495770278003,0.0700423566456938
0.5,0,0.05,CIP+CRO,-1.9660867013522492,-4.015661818751979,-0.629821730413936
0.5,0,0.05,CIP+CRO+NDA,-1.7915710003861978,-3.7201749455852875,-0.5357121467416539
0.5,0.025,0,CIP,2.8743390621489513,0.166366805761974,5.808493982720624
0.5,0.025,0,CIP+CRO,5.420426628448516,1.9913891539186375,9.765719087439718
0.5,0.025,0,CIP+CRO+NDA,5.553947867171023,2.038783551389499,9.7685744983132
0.5,0.025,0.05,CIP,2.8006890728160196,0.03555331265294905,5.917833403096171
0.5,0.025,0.05,CIP+CRO,5.103818708634949,1.9361208734971407,8.954988386574305
0.5,0.025,0.05,CIP+CRO+NDA,5.487639687298854,1.937965386025304,9.656668998260363
0.5,0.05,0,CIP,6.957999482468049,3.344282624308079,11.138765259480811
0.5,0.05,0,CIP+CRO,12.58197505493873,7.271205133362458,18.221473503326195
0.5,0.05,0,CIP+CRO+NDA,12.708491993919758,7.611256915154612,18.50076887884536
0.5,0.05,0.05,CIP,6.728361210577629,3.029489695360861,11.358680276988995
0.5,0.05,0.05,CIP+CRO,12.09276190639955,6.979500898325824,17.936140752426958
0.5,0.05,0.05,CIP+CRO+NDA,12.87936440797571,7.733930069739792,18.61637218552605
0.5,0.075,0,CIP,11.0341695762091,6.239854593758203,16.537824766235236
0.5,0.075,0,CIP+CRO,19.904572369503345,13.243951716533362,27.50171767763631
0.5,0.075,0,CIP+CRO+NDA,19.86009781781074,13.001638798721189,27.267458111150642
0.5,0.075,0.05,CIP,10.870380497627133,6.3602110966442895,16.046958145080062
0.5,0.075,0.05,CIP+CRO,19.331913399655093,12.52074034773633,26.409411560996357
0.5,0.075,0.05,CIP+CRO+NDA,19.797626760123595,13.26690473086637,27.016307989335587
0.5,0.1,0,CIP,14.928268888895456,9.431431302029543,20.829429104878642
0.5,0.1,0,CIP+CRO,27.248049629527213,18.92506980024568,36.77437740335533
0.5,0.1,0,CIP+CRO+NDA,27.283151132935043,19.583313645841727,36.038526077236675
0.5,0.1,0.05,CIP,14.8928805066171,9.423181604881945,21.21181925496867
0.5,0.1,0.05,CIP+CRO,26.43954155780267,18.37023716158501,34.834250261836694
0.5,0.1,0.05,CIP+CRO+NDA,27.268093830017143,19.253959840791964,36.56613754439401
0.5,0.125,0,CIP,18.925024834676503,13.126308224744957,25.960154826480828
0.5,0.125,0,CIP+CRO,34.68594030315886,24.51732756563408,45.92413644190955
0.5,0.125,0,CIP+CRO+NDA,34.536636784861166,24.55075266743978,44.25335196629276
0.5,0.125,0.05,CIP,18.839574739657948,12.41240265215025,26.05880392372109
0.5,0.125,0.05,CIP+CRO,33.26610900527669,23.315708820031862,43.75102748132738
0.5,0.125,0.05,CIP+CRO+NDA,34.21152575702867,24.262068236910398,43.92780240887078
0.5,0.15,0,CIP,22.82651384638635,15.793759960741932,30.34690249088982
0.5,0.15,0,CIP+CRO,41.87121408570162,30.6825779061666,54.10012856946627
0.5,0.15,0,CIP+CRO+NDA,41.722060058322405,30.776357864063204,53.22685160735161
0.5,0.15,0.05,CIP,22.966250920889962,15.663956810857675,30.59702806058119
0.5,0.15,0.05,CIP+CRO,40.31860343927621,29.18440713612341,51.220887511954366
0.5,0.15,0.05,CIP+CRO+NDA,41.79030395617492,30.22669448210187,53.866161965929564
0.7,0,0,CIP,-1.884812283082339,-3.8427220473451498,-0.41159696842527405
0.7,0,0,CIP+CRO,-2.7143410804247172,-4.7246326771644185,-1.1827534071763663
0.7,0,0,CIP+CRO+NDA,-2.7300716563338083,-4.880176460483171,-1.2364452333949203
0.7,0,0.05,CIP,-1.8123562945083,-3.8432551298450286,-0.39298807067210295
0.7,0,0.05,CIP+CRO,-2.973925166913316,-5.131903743045073,-1.332121598348633
0.7,0,0.05,CIP+CRO+NDA,-2.7244769673608924,-4.715520796214043,-1.251202541324829
0.7,0.025,0,CIP,0.6503653487160805,-1.7636473689701992,3.344746871015753
0.7,0.025,0,CIP+CRO,4.182007269258896,0.5742754465185206,8.413527869953935
0.7,0.025,0,CIP+CRO+NDA,4.251219786048812,0.767304561187836,8.436623518712475
0.7,0.025,0.05,CIP,0.6164155253223514,-1.9493058663963696,3.1147320625352797
0.7,0.025,0.05,CIP+CRO,3.8222429794172013,0.21887314360021015,7.928148085092366
0.7,0.025,0.05,CIP+CRO+NDA,4.266251449951997,0.7941079747510521,8.218454475701462
0.7,0.05,0,CIP,2.96310997387466,0.015276124805141332,6.129599182192786
0.7,0.05,0,CIP+CRO,11.147458995493434,6.211094996777808,16.834766308866193
0.7,0.05,0,CIP+CRO+NDA,11.03404021241128,5.924743646962382,16.534049693274216
0.7,0.05,0.05,CIP,3.0614924816537243,0.17082309125215808,6.4389749358528086
0.7,0.05,0.05,CIP+CRO,10.486400548015519,5.593277890218411,16.079926469139043
0.7,0.05,0.05,CIP+CRO+NDA,11.050419552492395,6.00583906376732,16.890608094689565
0.7,0.075,0,CIP,5.510861053544715,2.167891197693228,9.523496728707366
0.7,0.075,0,CIP+CRO,18.044668901163075,11.375420970685223,24.77979666901867
0.7,0.075,0,CIP+CRO+NDA,18.209650126671548,11.776330792669745,25.254542508326033
0.7,0.075,0.05,CIP,5.4185085990471045,1.9959128960969068,9.458219628202459
0.7,0.075,0.05,CIP+CRO,16.87456128718799,10.70372815615191,24.353604795155952
0.7,0.075,0.05,CIP+CRO+NDA,18.213754480726628,11.745254563266135,25.97828773544407
0.7,0.1,0,CIP,7.86111183257437,4.100614821007734,12.413531447296533
0.7,0.1,0,CIP+CRO,25.01141199885081,17.540731925562532,34.067580199981116
0.7,0.1,0,CIP+CRO+NDA,25.15213657070333,17.19851133011286,33.72118884125577
0.7,0.1,0.05,CIP,7.856290968915885,3.9270154654539144,12.34167484952798
0.7,0.1,0.05,CIP+CRO,23.690546151826005,15.784860007244982,33.50807965034618
0.7,0.1,0.05,CIP+CRO+NDA,24.722651837807078,17.286596878036153,33.201024603372964
0.7,0.125,0,CIP,10.371016255603847,5.917320793043818,15.815115425637794
0.7,0.125,0,CIP+CRO,31.995240652320156,22.14796988100747,42.62273547953676
0.7,0.125,0,CIP+CRO+NDA,31.867384964770892,22.55983834226305,42.682133595870624
0.7,0.125,0.05,CIP,10.372762768550356,5.854487644880251,15.576095321382343
0.7,0.125,0.05,CIP+CRO,30.417833778235817,20.721753539837263,40.426649910228875
0.7,0.125,0.05,CIP+CRO+NDA,31.688066478548933,22.36536774184485,42.349379488488225
0.7,0.15,0,CIP,12.729964720343785,7.346234397870631,18.367967935610476
0.7,0.15,0,CIP+CRO,39.077970768125695,27.454885750025223,51.01517479088918
0.7,0.15,0,CIP+CRO+NDA,38.82876777732932,28.214420099141392,50.950715834063274
0.7,0.15,0.05,CIP,12.780331902693778,7.764698050892168,18.823382633985528
0.7,0.15,0.05,CIP+CRO,36.829162774745285,25.84304311098204,48.58759772697123
0.7,0.15,0.05,CIP+CRO+NDA,39.02448633063956,28.228199856915218,51.09531466695048
